--------------------------------------------------------
--  파일이 생성됨 - 화요일-10월-20-2020   
--------------------------------------------------------
--------------------------------------------------------
--  DDL for Sequence CPOST_SEQ
--------------------------------------------------------

   CREATE SEQUENCE  "HWABO"."CPOST_SEQ"  MINVALUE 1 MAXVALUE 9999999999999999999999999999 INCREMENT BY 1 START WITH 541 CACHE 20 NOORDER  NOCYCLE ;
--------------------------------------------------------
--  DDL for Sequence MEMBER_SEQ
--------------------------------------------------------

   CREATE SEQUENCE  "HWABO"."MEMBER_SEQ"  MINVALUE 1 MAXVALUE 9999999999999999999999999999 INCREMENT BY 1 START WITH 421 CACHE 20 NOORDER  NOCYCLE ;
--------------------------------------------------------
--  DDL for Sequence SEQ_RE
--------------------------------------------------------

   CREATE SEQUENCE  "HWABO"."SEQ_RE"  MINVALUE 1 MAXVALUE 9999999999999999999999999999 INCREMENT BY 1 START WITH 121 CACHE 20 NOORDER  NOCYCLE ;
--------------------------------------------------------
--  DDL for Sequence SEQ_RE1
--------------------------------------------------------

   CREATE SEQUENCE  "HWABO"."SEQ_RE1"  MINVALUE 1 MAXVALUE 9999999999999999999999999999 INCREMENT BY 1 START WITH 261 CACHE 20 NOORDER  NOCYCLE ;
--------------------------------------------------------
--  DDL for Sequence SEQ_RE2
--------------------------------------------------------

   CREATE SEQUENCE  "HWABO"."SEQ_RE2"  MINVALUE 1 MAXVALUE 9999999999999999999999999999 INCREMENT BY 1 START WITH 1 CACHE 20 NOORDER  NOCYCLE ;
--------------------------------------------------------
--  DDL for Sequence SEQ_REPLY
--------------------------------------------------------

   CREATE SEQUENCE  "HWABO"."SEQ_REPLY"  MINVALUE 1 MAXVALUE 9999999999999999999999999999 INCREMENT BY 1 START WITH 1 CACHE 20 NOORDER  NOCYCLE ;
--------------------------------------------------------
--  DDL for Table ADDON
--------------------------------------------------------

  CREATE TABLE "HWABO"."ADDON" 
   (	"CNO" VARCHAR2(50 BYTE), 
	"OFILE1" VARCHAR2(100 BYTE), 
	"RFILE1" VARCHAR2(100 BYTE), 
	"OFILE2" VARCHAR2(100 BYTE), 
	"RFILE2" VARCHAR2(100 BYTE), 
	"OFILE3" VARCHAR2(100 BYTE), 
	"RFILE3" VARCHAR2(100 BYTE)
   ) SEGMENT CREATION IMMEDIATE 
  PCTFREE 10 PCTUSED 40 INITRANS 1 MAXTRANS 255 NOCOMPRESS LOGGING
  STORAGE(INITIAL 65536 NEXT 1048576 MINEXTENTS 1 MAXEXTENTS 2147483645
  PCTINCREASE 0 FREELISTS 1 FREELIST GROUPS 1 BUFFER_POOL DEFAULT FLASH_CACHE DEFAULT CELL_FLASH_CACHE DEFAULT)
  TABLESPACE "SYSTEM" ;

   COMMENT ON COLUMN "HWABO"."ADDON"."CNO" IS '게시글 번호';
   COMMENT ON COLUMN "HWABO"."ADDON"."OFILE1" IS '원본파일명1';
   COMMENT ON COLUMN "HWABO"."ADDON"."RFILE1" IS '서버저장파일명1';
   COMMENT ON COLUMN "HWABO"."ADDON"."OFILE2" IS '원본파일명3';
   COMMENT ON COLUMN "HWABO"."ADDON"."RFILE2" IS '서버저장파일명3';
--------------------------------------------------------
--  DDL for Table ADDTAG
--------------------------------------------------------

  CREATE TABLE "HWABO"."ADDTAG" 
   (	"CNO" VARCHAR2(30 BYTE), 
	"TAGID" VARCHAR2(100 BYTE)
   ) SEGMENT CREATION IMMEDIATE 
  PCTFREE 10 PCTUSED 40 INITRANS 1 MAXTRANS 255 NOCOMPRESS LOGGING
  STORAGE(INITIAL 65536 NEXT 1048576 MINEXTENTS 1 MAXEXTENTS 2147483645
  PCTINCREASE 0 FREELISTS 1 FREELIST GROUPS 1 BUFFER_POOL DEFAULT FLASH_CACHE DEFAULT CELL_FLASH_CACHE DEFAULT)
  TABLESPACE "SYSTEM" ;

   COMMENT ON COLUMN "HWABO"."ADDTAG"."CNO" IS '태그한 게시글 번호';
   COMMENT ON COLUMN "HWABO"."ADDTAG"."TAGID" IS '태그 아이디';
--------------------------------------------------------
--  DDL for Table ALARM
--------------------------------------------------------

  CREATE TABLE "HWABO"."ALARM" 
   (	"NO" VARCHAR2(30 BYTE), 
	"ID" VARCHAR2(30 BYTE), 
	"STITLE" VARCHAR2(200 BYTE), 
	"CTITLE" VARCHAR2(200 BYTE), 
	"VTITLE" VARCHAR2(200 BYTE), 
	"DTITLE" VARCHAR2(200 BYTE), 
	"BTITLE" VARCHAR2(200 BYTE), 
	"ALARMCHECK" VARCHAR2(30 BYTE)
   ) SEGMENT CREATION IMMEDIATE 
  PCTFREE 10 PCTUSED 40 INITRANS 1 MAXTRANS 255 NOCOMPRESS LOGGING
  STORAGE(INITIAL 65536 NEXT 1048576 MINEXTENTS 1 MAXEXTENTS 2147483645
  PCTINCREASE 0 FREELISTS 1 FREELIST GROUPS 1 BUFFER_POOL DEFAULT FLASH_CACHE DEFAULT CELL_FLASH_CACHE DEFAULT)
  TABLESPACE "SYSTEM" ;

   COMMENT ON COLUMN "HWABO"."ALARM"."NO" IS '번호';
   COMMENT ON COLUMN "HWABO"."ALARM"."ID" IS '사용자번호';
   COMMENT ON COLUMN "HWABO"."ALARM"."STITLE" IS '일정게시글';
   COMMENT ON COLUMN "HWABO"."ALARM"."CTITLE" IS '일반게시글';
   COMMENT ON COLUMN "HWABO"."ALARM"."VTITLE" IS '투표게시글';
   COMMENT ON COLUMN "HWABO"."ALARM"."DTITLE" IS '할일게시글';
   COMMENT ON COLUMN "HWABO"."ALARM"."BTITLE" IS '업무게시글';
   COMMENT ON COLUMN "HWABO"."ALARM"."ALARMCHECK" IS '알림 체크';
--------------------------------------------------------
--  DDL for Table BPOST
--------------------------------------------------------

  CREATE TABLE "HWABO"."BPOST" 
   (	"BNO" VARCHAR2(50 BYTE), 
	"BTITLE" VARCHAR2(200 BYTE), 
	"BUCODE" VARCHAR2(30 BYTE), 
	"BWRITER" VARCHAR2(30 BYTE), 
	"BSTARTDAY" DATE, 
	"BENDDAY" DATE, 
	"BKIND" VARCHAR2(50 BYTE), 
	"BCHARGE" VARCHAR2(100 BYTE), 
	"BCONTENT" VARCHAR2(2000 BYTE), 
	"BENROLLDATE" DATE DEFAULT sysdate, 
	"BOPEN" VARCHAR2(10 BYTE), 
	"BRENAMEFILE" VARCHAR2(200 BYTE), 
	"BORIGINFILE" VARCHAR2(200 BYTE), 
	"BPNUM" VARCHAR2(50 BYTE), 
	"BCHARGENAME" VARCHAR2(50 BYTE)
   ) SEGMENT CREATION IMMEDIATE 
  PCTFREE 10 PCTUSED 40 INITRANS 1 MAXTRANS 255 NOCOMPRESS LOGGING
  STORAGE(INITIAL 65536 NEXT 1048576 MINEXTENTS 1 MAXEXTENTS 2147483645
  PCTINCREASE 0 FREELISTS 1 FREELIST GROUPS 1 BUFFER_POOL DEFAULT FLASH_CACHE DEFAULT CELL_FLASH_CACHE DEFAULT)
  TABLESPACE "SYSTEM" ;

   COMMENT ON COLUMN "HWABO"."BPOST"."BNO" IS '번호';
   COMMENT ON COLUMN "HWABO"."BPOST"."BTITLE" IS '제목';
   COMMENT ON COLUMN "HWABO"."BPOST"."BUCODE" IS '작성자코드';
   COMMENT ON COLUMN "HWABO"."BPOST"."BWRITER" IS '작성자';
   COMMENT ON COLUMN "HWABO"."BPOST"."BSTARTDAY" IS '시작날짜';
   COMMENT ON COLUMN "HWABO"."BPOST"."BENDDAY" IS '끝 날짜';
   COMMENT ON COLUMN "HWABO"."BPOST"."BKIND" IS '업무종류';
   COMMENT ON COLUMN "HWABO"."BPOST"."BCHARGE" IS '담당자';
   COMMENT ON COLUMN "HWABO"."BPOST"."BCONTENT" IS '내용';
   COMMENT ON COLUMN "HWABO"."BPOST"."BENROLLDATE" IS '등록일';
   COMMENT ON COLUMN "HWABO"."BPOST"."BOPEN" IS '공개여부';
   COMMENT ON COLUMN "HWABO"."BPOST"."BRENAMEFILE" IS '서버파일명';
   COMMENT ON COLUMN "HWABO"."BPOST"."BORIGINFILE" IS '원본파일명';
   COMMENT ON COLUMN "HWABO"."BPOST"."BPNUM" IS '프로젝트번호';
   COMMENT ON COLUMN "HWABO"."BPOST"."BCHARGENAME" IS '담당자이름';
--------------------------------------------------------
--  DDL for Table CABINET
--------------------------------------------------------

  CREATE TABLE "HWABO"."CABINET" 
   (	"UCODE" VARCHAR2(20 BYTE), 
	"NO" VARCHAR2(50 BYTE), 
	"ENROLLDATE" DATE DEFAULT sysdate, 
	"PNUM" VARCHAR2(50 BYTE)
   ) SEGMENT CREATION IMMEDIATE 
  PCTFREE 10 PCTUSED 40 INITRANS 1 MAXTRANS 255 NOCOMPRESS LOGGING
  STORAGE(INITIAL 65536 NEXT 1048576 MINEXTENTS 1 MAXEXTENTS 2147483645
  PCTINCREASE 0 FREELISTS 1 FREELIST GROUPS 1 BUFFER_POOL DEFAULT FLASH_CACHE DEFAULT CELL_FLASH_CACHE DEFAULT)
  TABLESPACE "SYSTEM" ;

   COMMENT ON COLUMN "HWABO"."CABINET"."UCODE" IS '유저번호';
   COMMENT ON COLUMN "HWABO"."CABINET"."NO" IS '게시글번호';
   COMMENT ON COLUMN "HWABO"."CABINET"."ENROLLDATE" IS '보관날짜';
   COMMENT ON COLUMN "HWABO"."CABINET"."PNUM" IS '프로젝트번호';
--------------------------------------------------------
--  DDL for Table CALENDAR
--------------------------------------------------------

  CREATE TABLE "HWABO"."CALENDAR" 
   (	"CALNO" VARCHAR2(200 BYTE), 
	"PNUM" VARCHAR2(200 BYTE), 
	"UCODE" VARCHAR2(200 BYTE), 
	"UNAME" VARCHAR2(200 BYTE), 
	"ENROLLDATE" DATE DEFAULT sysdate, 
	"TITLE" VARCHAR2(200 BYTE), 
	"START_DATE" VARCHAR2(200 BYTE) DEFAULT sysdate, 
	"END_DATE" VARCHAR2(200 BYTE) DEFAULT sysdate, 
	"ALLDAY" VARCHAR2(100 BYTE) DEFAULT 1
   ) SEGMENT CREATION IMMEDIATE 
  PCTFREE 10 PCTUSED 40 INITRANS 1 MAXTRANS 255 NOCOMPRESS LOGGING
  STORAGE(INITIAL 65536 NEXT 1048576 MINEXTENTS 1 MAXEXTENTS 2147483645
  PCTINCREASE 0 FREELISTS 1 FREELIST GROUPS 1 BUFFER_POOL DEFAULT FLASH_CACHE DEFAULT CELL_FLASH_CACHE DEFAULT)
  TABLESPACE "SYSTEM" ;
--------------------------------------------------------
--  DDL for Table CHAT
--------------------------------------------------------

  CREATE TABLE "HWABO"."CHAT" 
   (	"NO" VARCHAR2(50 BYTE), 
	"PARTICIPANT" VARCHAR2(500 BYTE), 
	"MAKER" VARCHAR2(30 BYTE), 
	"CHATDATE" DATE DEFAULT sysdate, 
	"IMAGES" VARCHAR2(500 BYTE), 
	"ORIGINALFILE" VARCHAR2(500 BYTE), 
	"RENAMEFILE" VARCHAR2(500 BYTE), 
	"CONTENT" VARCHAR2(2000 BYTE)
   ) SEGMENT CREATION IMMEDIATE 
  PCTFREE 10 PCTUSED 40 INITRANS 1 MAXTRANS 255 NOCOMPRESS LOGGING
  STORAGE(INITIAL 65536 NEXT 1048576 MINEXTENTS 1 MAXEXTENTS 2147483645
  PCTINCREASE 0 FREELISTS 1 FREELIST GROUPS 1 BUFFER_POOL DEFAULT FLASH_CACHE DEFAULT CELL_FLASH_CACHE DEFAULT)
  TABLESPACE "SYSTEM" ;

   COMMENT ON COLUMN "HWABO"."CHAT"."NO" IS '번호';
   COMMENT ON COLUMN "HWABO"."CHAT"."PARTICIPANT" IS '채팅참여자';
   COMMENT ON COLUMN "HWABO"."CHAT"."MAKER" IS '채팅방장';
   COMMENT ON COLUMN "HWABO"."CHAT"."CHATDATE" IS '작성날짜시간';
   COMMENT ON COLUMN "HWABO"."CHAT"."IMAGES" IS '사진';
   COMMENT ON COLUMN "HWABO"."CHAT"."ORIGINALFILE" IS '원본파일';
   COMMENT ON COLUMN "HWABO"."CHAT"."RENAMEFILE" IS '수정파일';
   COMMENT ON COLUMN "HWABO"."CHAT"."CONTENT" IS '채팅내용';
--------------------------------------------------------
--  DDL for Table CHATTING
--------------------------------------------------------

  CREATE TABLE "HWABO"."CHATTING" 
   (	"UCODE" VARCHAR2(20 BYTE), 
	"PROJECT_NUM" VARCHAR2(50 BYTE), 
	"PROJECT_NAME" VARCHAR2(2000 BYTE), 
	"UNAME" VARCHAR2(30 BYTE), 
	"CONTENT" VARCHAR2(2000 BYTE), 
	"CHAT_TIME" TIMESTAMP (6) DEFAULT sysdate, 
	"ORIGNAL_FILE" VARCHAR2(2000 BYTE), 
	"RENAME_FILE" VARCHAR2(2000 BYTE)
   ) SEGMENT CREATION IMMEDIATE 
  PCTFREE 10 PCTUSED 40 INITRANS 1 MAXTRANS 255 NOCOMPRESS LOGGING
  STORAGE(INITIAL 65536 NEXT 1048576 MINEXTENTS 1 MAXEXTENTS 2147483645
  PCTINCREASE 0 FREELISTS 1 FREELIST GROUPS 1 BUFFER_POOL DEFAULT FLASH_CACHE DEFAULT CELL_FLASH_CACHE DEFAULT)
  TABLESPACE "SYSTEM" ;
--------------------------------------------------------
--  DDL for Table CHAT_SPEED
--------------------------------------------------------

  CREATE TABLE "HWABO"."CHAT_SPEED" 
   (	"SPEED" NUMBER, 
	"FK" VARCHAR2(100 BYTE)
   ) SEGMENT CREATION IMMEDIATE 
  PCTFREE 10 PCTUSED 40 INITRANS 1 MAXTRANS 255 NOCOMPRESS LOGGING
  STORAGE(INITIAL 65536 NEXT 1048576 MINEXTENTS 1 MAXEXTENTS 2147483645
  PCTINCREASE 0 FREELISTS 1 FREELIST GROUPS 1 BUFFER_POOL DEFAULT FLASH_CACHE DEFAULT CELL_FLASH_CACHE DEFAULT)
  TABLESPACE "SYSTEM" ;
--------------------------------------------------------
--  DDL for Table CPOST
--------------------------------------------------------

  CREATE TABLE "HWABO"."CPOST" 
   (	"CNO" VARCHAR2(50 BYTE), 
	"CPNUM" VARCHAR2(20 BYTE), 
	"CTITLE" VARCHAR2(100 BYTE), 
	"CUCODE" VARCHAR2(20 BYTE), 
	"CWRITER" VARCHAR2(30 BYTE), 
	"CCONTENT" VARCHAR2(2000 BYTE), 
	"CENROLLDATE" DATE DEFAULT SYSDATE, 
	"COPEN" VARCHAR2(1 BYTE), 
	"HASHTAGS" VARCHAR2(100 BYTE), 
	"MENTIONS" VARCHAR2(100 BYTE)
   ) SEGMENT CREATION IMMEDIATE 
  PCTFREE 10 PCTUSED 40 INITRANS 1 MAXTRANS 255 NOCOMPRESS LOGGING
  STORAGE(INITIAL 65536 NEXT 1048576 MINEXTENTS 1 MAXEXTENTS 2147483645
  PCTINCREASE 0 FREELISTS 1 FREELIST GROUPS 1 BUFFER_POOL DEFAULT FLASH_CACHE DEFAULT CELL_FLASH_CACHE DEFAULT)
  TABLESPACE "SYSTEM" ;

   COMMENT ON COLUMN "HWABO"."CPOST"."CNO" IS '게시글 번호';
   COMMENT ON COLUMN "HWABO"."CPOST"."CPNUM" IS '프로젝트 번호';
   COMMENT ON COLUMN "HWABO"."CPOST"."CTITLE" IS '제목';
   COMMENT ON COLUMN "HWABO"."CPOST"."CUCODE" IS '사용자 번호';
   COMMENT ON COLUMN "HWABO"."CPOST"."CWRITER" IS '작성자';
   COMMENT ON COLUMN "HWABO"."CPOST"."CCONTENT" IS '내용';
   COMMENT ON COLUMN "HWABO"."CPOST"."CENROLLDATE" IS '등록일';
   COMMENT ON COLUMN "HWABO"."CPOST"."COPEN" IS '공개여부';
   COMMENT ON COLUMN "HWABO"."CPOST"."HASHTAGS" IS '해시태그';
   COMMENT ON COLUMN "HWABO"."CPOST"."MENTIONS" IS '멘션';
--------------------------------------------------------
--  DDL for Table CPROJECT
--------------------------------------------------------

  CREATE TABLE "HWABO"."CPROJECT" 
   (	"PROJECTNAME" VARCHAR2(200 BYTE), 
	"WAUTHORITY" CHAR(1 BYTE), 
	"LAUTHORITY" CHAR(1 BYTE), 
	"DAUTHORITY" CHAR(1 BYTE)
   ) SEGMENT CREATION IMMEDIATE 
  PCTFREE 10 PCTUSED 40 INITRANS 1 MAXTRANS 255 NOCOMPRESS LOGGING
  STORAGE(INITIAL 65536 NEXT 1048576 MINEXTENTS 1 MAXEXTENTS 2147483645
  PCTINCREASE 0 FREELISTS 1 FREELIST GROUPS 1 BUFFER_POOL DEFAULT FLASH_CACHE DEFAULT CELL_FLASH_CACHE DEFAULT)
  TABLESPACE "SYSTEM" ;

   COMMENT ON COLUMN "HWABO"."CPROJECT"."PROJECTNAME" IS '프로젝트명';
   COMMENT ON COLUMN "HWABO"."CPROJECT"."WAUTHORITY" IS '글/댓글작성권한';
   COMMENT ON COLUMN "HWABO"."CPROJECT"."LAUTHORITY" IS '글조회권한';
   COMMENT ON COLUMN "HWABO"."CPROJECT"."DAUTHORITY" IS '파일다운로드권한';
--------------------------------------------------------
--  DDL for Table DOPOST
--------------------------------------------------------

  CREATE TABLE "HWABO"."DOPOST" 
   (	"DNO" VARCHAR2(50 BYTE), 
	"DTITLE" VARCHAR2(200 BYTE), 
	"DUCODE" VARCHAR2(30 BYTE), 
	"DWRITER" VARCHAR2(30 BYTE), 
	"DCONTENT" VARCHAR2(700 BYTE), 
	"DENROLLDATE" DATE DEFAULT SYSDATE, 
	"DOPEN" VARCHAR2(10 BYTE), 
	"DPNUM" VARCHAR2(50 BYTE)
   ) SEGMENT CREATION IMMEDIATE 
  PCTFREE 10 PCTUSED 40 INITRANS 1 MAXTRANS 255 NOCOMPRESS LOGGING
  STORAGE(INITIAL 65536 NEXT 1048576 MINEXTENTS 1 MAXEXTENTS 2147483645
  PCTINCREASE 0 FREELISTS 1 FREELIST GROUPS 1 BUFFER_POOL DEFAULT FLASH_CACHE DEFAULT CELL_FLASH_CACHE DEFAULT)
  TABLESPACE "SYSTEM" ;

   COMMENT ON COLUMN "HWABO"."DOPOST"."DNO" IS '글번호';
   COMMENT ON COLUMN "HWABO"."DOPOST"."DTITLE" IS '제목';
   COMMENT ON COLUMN "HWABO"."DOPOST"."DUCODE" IS '사용자번호';
   COMMENT ON COLUMN "HWABO"."DOPOST"."DWRITER" IS '글쓴이';
   COMMENT ON COLUMN "HWABO"."DOPOST"."DCONTENT" IS '할일';
   COMMENT ON COLUMN "HWABO"."DOPOST"."DENROLLDATE" IS '작성날짜';
   COMMENT ON COLUMN "HWABO"."DOPOST"."DOPEN" IS '공개여부';
   COMMENT ON COLUMN "HWABO"."DOPOST"."DPNUM" IS '프로젝트번호';
--------------------------------------------------------
--  DDL for Table FILEBOX
--------------------------------------------------------

  CREATE TABLE "HWABO"."FILEBOX" 
   (	"FILERENAME" VARCHAR2(200 BYTE), 
	"FILEORIGINNAME" VARCHAR2(200 BYTE), 
	"KB" VARCHAR2(100 BYTE), 
	"KIND" VARCHAR2(100 BYTE), 
	"FWRITER" VARCHAR2(100 BYTE), 
	"POSTNO" VARCHAR2(100 BYTE), 
	"ENROLLDATE" DATE DEFAULT sysdate, 
	"PNUM" VARCHAR2(100 BYTE)
   ) SEGMENT CREATION IMMEDIATE 
  PCTFREE 10 PCTUSED 40 INITRANS 1 MAXTRANS 255 NOCOMPRESS LOGGING
  STORAGE(INITIAL 65536 NEXT 1048576 MINEXTENTS 1 MAXEXTENTS 2147483645
  PCTINCREASE 0 FREELISTS 1 FREELIST GROUPS 1 BUFFER_POOL DEFAULT FLASH_CACHE DEFAULT CELL_FLASH_CACHE DEFAULT)
  TABLESPACE "SYSTEM" ;

   COMMENT ON COLUMN "HWABO"."FILEBOX"."FILERENAME" IS '서버파일명';
   COMMENT ON COLUMN "HWABO"."FILEBOX"."FILEORIGINNAME" IS '원본파일명';
   COMMENT ON COLUMN "HWABO"."FILEBOX"."KB" IS '파일크기';
   COMMENT ON COLUMN "HWABO"."FILEBOX"."KIND" IS '확장자종류';
   COMMENT ON COLUMN "HWABO"."FILEBOX"."FWRITER" IS '작성자';
   COMMENT ON COLUMN "HWABO"."FILEBOX"."POSTNO" IS '원게시글번호';
   COMMENT ON COLUMN "HWABO"."FILEBOX"."ENROLLDATE" IS '등록일';
   COMMENT ON COLUMN "HWABO"."FILEBOX"."PNUM" IS '프로젝트번호';
--------------------------------------------------------
--  DDL for Table HASHTAG
--------------------------------------------------------

  CREATE TABLE "HWABO"."HASHTAG" 
   (	"TAGID" VARCHAR2(100 BYTE), 
	"TAGNAME" VARCHAR2(100 BYTE)
   ) SEGMENT CREATION IMMEDIATE 
  PCTFREE 10 PCTUSED 40 INITRANS 1 MAXTRANS 255 NOCOMPRESS LOGGING
  STORAGE(INITIAL 65536 NEXT 1048576 MINEXTENTS 1 MAXEXTENTS 2147483645
  PCTINCREASE 0 FREELISTS 1 FREELIST GROUPS 1 BUFFER_POOL DEFAULT FLASH_CACHE DEFAULT CELL_FLASH_CACHE DEFAULT)
  TABLESPACE "SYSTEM" ;

   COMMENT ON COLUMN "HWABO"."HASHTAG"."TAGID" IS '태그 아이디';
   COMMENT ON COLUMN "HWABO"."HASHTAG"."TAGNAME" IS '태그명';
--------------------------------------------------------
--  DDL for Table INVITE
--------------------------------------------------------

  CREATE TABLE "HWABO"."INVITE" 
   (	"INVTKEY" VARCHAR2(60 BYTE), 
	"UCODE" VARCHAR2(20 BYTE), 
	"PNUM" VARCHAR2(20 BYTE), 
	"INVTEMAIL" VARCHAR2(100 BYTE), 
	"INVTUSE" VARCHAR2(30 BYTE) DEFAULT 'N', 
	"EXPRTDATE" DATE DEFAULT (SYSDATE+2)
   ) SEGMENT CREATION IMMEDIATE 
  PCTFREE 10 PCTUSED 40 INITRANS 1 MAXTRANS 255 NOCOMPRESS LOGGING
  STORAGE(INITIAL 65536 NEXT 1048576 MINEXTENTS 1 MAXEXTENTS 2147483645
  PCTINCREASE 0 FREELISTS 1 FREELIST GROUPS 1 BUFFER_POOL DEFAULT FLASH_CACHE DEFAULT CELL_FLASH_CACHE DEFAULT)
  TABLESPACE "SYSTEM" ;

   COMMENT ON COLUMN "HWABO"."INVITE"."INVTKEY" IS '초대장 식별키';
   COMMENT ON COLUMN "HWABO"."INVITE"."UCODE" IS '초대를 보낸 사용자 번호';
   COMMENT ON COLUMN "HWABO"."INVITE"."INVTEMAIL" IS '초대를 받는 이메일 주소';
   COMMENT ON COLUMN "HWABO"."INVITE"."INVTUSE" IS '초대장 사용여부';
   COMMENT ON COLUMN "HWABO"."INVITE"."EXPRTDATE" IS '만료일';
--------------------------------------------------------
--  DDL for Table LANGUAGE
--------------------------------------------------------

  CREATE TABLE "HWABO"."LANGUAGE" 
   (	"PAGELANGUAGE" VARCHAR2(500 BYTE), 
	"ID" VARCHAR2(30 BYTE)
   ) SEGMENT CREATION IMMEDIATE 
  PCTFREE 10 PCTUSED 40 INITRANS 1 MAXTRANS 255 NOCOMPRESS LOGGING
  STORAGE(INITIAL 65536 NEXT 1048576 MINEXTENTS 1 MAXEXTENTS 2147483645
  PCTINCREASE 0 FREELISTS 1 FREELIST GROUPS 1 BUFFER_POOL DEFAULT FLASH_CACHE DEFAULT CELL_FLASH_CACHE DEFAULT)
  TABLESPACE "SYSTEM" ;

   COMMENT ON COLUMN "HWABO"."LANGUAGE"."PAGELANGUAGE" IS '페이지언어';
   COMMENT ON COLUMN "HWABO"."LANGUAGE"."ID" IS '사용자번호';
--------------------------------------------------------
--  DDL for Table LOVE
--------------------------------------------------------

  CREATE TABLE "HWABO"."LOVE" 
   (	"NO" VARCHAR2(100 BYTE), 
	"UCODE" VARCHAR2(20 BYTE)
   ) SEGMENT CREATION IMMEDIATE 
  PCTFREE 10 PCTUSED 40 INITRANS 1 MAXTRANS 255 NOCOMPRESS LOGGING
  STORAGE(INITIAL 65536 NEXT 1048576 MINEXTENTS 1 MAXEXTENTS 2147483645
  PCTINCREASE 0 FREELISTS 1 FREELIST GROUPS 1 BUFFER_POOL DEFAULT FLASH_CACHE DEFAULT CELL_FLASH_CACHE DEFAULT)
  TABLESPACE "SYSTEM" ;
--------------------------------------------------------
--  DDL for Table MEMBER
--------------------------------------------------------

  CREATE TABLE "HWABO"."MEMBER" 
   (	"UCODE" VARCHAR2(20 BYTE), 
	"UEMAIL" VARCHAR2(100 BYTE), 
	"UPWD" VARCHAR2(60 BYTE), 
	"UNAME" VARCHAR2(30 BYTE), 
	"UPHONE" VARCHAR2(20 BYTE), 
	"UGROUP" VARCHAR2(100 BYTE), 
	"UROLE" VARCHAR2(100 BYTE), 
	"UST" VARCHAR2(1 BYTE) DEFAULT 'N', 
	"UCERT" VARCHAR2(1 BYTE) DEFAULT 'N', 
	"UDATE" DATE DEFAULT SYSDATE, 
	"SIGNTYPE" VARCHAR2(30 BYTE), 
	"ACCESSTOKEN" VARCHAR2(100 BYTE), 
	"UIMG" VARCHAR2(255 BYTE), 
	"UACTIVE" VARCHAR2(1 BYTE)
   ) SEGMENT CREATION IMMEDIATE 
  PCTFREE 10 PCTUSED 40 INITRANS 1 MAXTRANS 255 NOCOMPRESS LOGGING
  STORAGE(INITIAL 65536 NEXT 1048576 MINEXTENTS 1 MAXEXTENTS 2147483645
  PCTINCREASE 0 FREELISTS 1 FREELIST GROUPS 1 BUFFER_POOL DEFAULT FLASH_CACHE DEFAULT CELL_FLASH_CACHE DEFAULT)
  TABLESPACE "SYSTEM" ;

   COMMENT ON COLUMN "HWABO"."MEMBER"."UCODE" IS '사용자번호';
   COMMENT ON COLUMN "HWABO"."MEMBER"."UEMAIL" IS '이메일';
   COMMENT ON COLUMN "HWABO"."MEMBER"."UPWD" IS '비밀번호';
   COMMENT ON COLUMN "HWABO"."MEMBER"."UNAME" IS '이름';
   COMMENT ON COLUMN "HWABO"."MEMBER"."UPHONE" IS '핸드폰';
   COMMENT ON COLUMN "HWABO"."MEMBER"."UGROUP" IS '소속';
   COMMENT ON COLUMN "HWABO"."MEMBER"."UROLE" IS '역할';
   COMMENT ON COLUMN "HWABO"."MEMBER"."UST" IS '계정상태';
   COMMENT ON COLUMN "HWABO"."MEMBER"."UCERT" IS '이메일 인증여부';
   COMMENT ON COLUMN "HWABO"."MEMBER"."UDATE" IS '사용자 등록일자';
   COMMENT ON COLUMN "HWABO"."MEMBER"."SIGNTYPE" IS '회원가입 타입';
   COMMENT ON COLUMN "HWABO"."MEMBER"."ACCESSTOKEN" IS '인증키(sns가입자)';
   COMMENT ON COLUMN "HWABO"."MEMBER"."UIMG" IS '내 정보 이미지';
   COMMENT ON COLUMN "HWABO"."MEMBER"."UACTIVE" IS '접속여부';
--------------------------------------------------------
--  DDL for Table NOTE
--------------------------------------------------------

  CREATE TABLE "HWABO"."NOTE" 
   (	"NOTENO" VARCHAR2(30 BYTE), 
	"UCODE" VARCHAR2(30 BYTE), 
	"NCONTENT" VARCHAR2(2000 BYTE), 
	"FILERENAME" VARCHAR2(200 BYTE), 
	"FILEORIGINNAME" VARCHAR2(200 BYTE), 
	"NOTEDATE" DATE
   ) SEGMENT CREATION IMMEDIATE 
  PCTFREE 10 PCTUSED 40 INITRANS 1 MAXTRANS 255 NOCOMPRESS LOGGING
  STORAGE(INITIAL 65536 NEXT 1048576 MINEXTENTS 1 MAXEXTENTS 2147483645
  PCTINCREASE 0 FREELISTS 1 FREELIST GROUPS 1 BUFFER_POOL DEFAULT FLASH_CACHE DEFAULT CELL_FLASH_CACHE DEFAULT)
  TABLESPACE "SYSTEM" ;

   COMMENT ON COLUMN "HWABO"."NOTE"."NOTENO" IS '노트번호';
   COMMENT ON COLUMN "HWABO"."NOTE"."UCODE" IS '유저아이디';
   COMMENT ON COLUMN "HWABO"."NOTE"."NCONTENT" IS '내용';
   COMMENT ON COLUMN "HWABO"."NOTE"."FILERENAME" IS '서버파일명';
   COMMENT ON COLUMN "HWABO"."NOTE"."FILEORIGINNAME" IS '원본파일명';
   COMMENT ON COLUMN "HWABO"."NOTE"."NOTEDATE" IS '등록일';
--------------------------------------------------------
--  DDL for Table PJMEMBER
--------------------------------------------------------

  CREATE TABLE "HWABO"."PJMEMBER" 
   (	"PNUM" VARCHAR2(20 BYTE), 
	"UCODE" VARCHAR2(20 BYTE), 
	"PJADMIN" VARCHAR2(1 BYTE) DEFAULT '2'
   ) SEGMENT CREATION IMMEDIATE 
  PCTFREE 10 PCTUSED 40 INITRANS 1 MAXTRANS 255 NOCOMPRESS LOGGING
  STORAGE(INITIAL 65536 NEXT 1048576 MINEXTENTS 1 MAXEXTENTS 2147483645
  PCTINCREASE 0 FREELISTS 1 FREELIST GROUPS 1 BUFFER_POOL DEFAULT FLASH_CACHE DEFAULT CELL_FLASH_CACHE DEFAULT)
  TABLESPACE "SYSTEM" ;

   COMMENT ON COLUMN "HWABO"."PJMEMBER"."PNUM" IS '프로젝트 번호';
   COMMENT ON COLUMN "HWABO"."PJMEMBER"."UCODE" IS '사용자 번호';
--------------------------------------------------------
--  DDL for Table PMANAGE
--------------------------------------------------------

  CREATE TABLE "HWABO"."PMANAGE" 
   (	"URLNAME" VARCHAR2(200 BYTE), 
	"PNAME" VARCHAR2(200 BYTE)
   ) SEGMENT CREATION IMMEDIATE 
  PCTFREE 10 PCTUSED 40 INITRANS 1 MAXTRANS 255 NOCOMPRESS LOGGING
  STORAGE(INITIAL 65536 NEXT 1048576 MINEXTENTS 1 MAXEXTENTS 2147483645
  PCTINCREASE 0 FREELISTS 1 FREELIST GROUPS 1 BUFFER_POOL DEFAULT FLASH_CACHE DEFAULT CELL_FLASH_CACHE DEFAULT)
  TABLESPACE "SYSTEM" ;

   COMMENT ON COLUMN "HWABO"."PMANAGE"."URLNAME" IS '전용URL';
   COMMENT ON COLUMN "HWABO"."PMANAGE"."PNAME" IS '프로젝트명';
--------------------------------------------------------
--  DDL for Table POSTREPLY
--------------------------------------------------------

  CREATE TABLE "HWABO"."POSTREPLY" 
   (	"REPLYNO" VARCHAR2(100 BYTE), 
	"NO" VARCHAR2(100 BYTE), 
	"CONTENT" VARCHAR2(1000 BYTE), 
	"UCODE" VARCHAR2(20 BYTE), 
	"UNAME" VARCHAR2(30 BYTE), 
	"ENROLLDATE" DATE, 
	"PARENTSNO" VARCHAR2(50 BYTE), 
	"SESONDENROLL" DATE DEFAULT sysdate, 
	"KIND" NUMBER DEFAULT 0
   ) SEGMENT CREATION IMMEDIATE 
  PCTFREE 10 PCTUSED 40 INITRANS 1 MAXTRANS 255 NOCOMPRESS LOGGING
  STORAGE(INITIAL 65536 NEXT 1048576 MINEXTENTS 1 MAXEXTENTS 2147483645
  PCTINCREASE 0 FREELISTS 1 FREELIST GROUPS 1 BUFFER_POOL DEFAULT FLASH_CACHE DEFAULT CELL_FLASH_CACHE DEFAULT)
  TABLESPACE "SYSTEM" ;
--------------------------------------------------------
--  DDL for Table PROGRESS
--------------------------------------------------------

  CREATE TABLE "HWABO"."PROGRESS" 
   (	"UCODE" VARCHAR2(50 BYTE), 
	"PROJECT_NUM" VARCHAR2(50 BYTE), 
	"NAME" VARCHAR2(200 BYTE), 
	"GOAL" NUMBER DEFAULT 0, 
	"DONE" NUMBER DEFAULT 0, 
	"TITLE" VARCHAR2(200 BYTE), 
	"CONTENT" VARCHAR2(2000 BYTE)
   ) SEGMENT CREATION IMMEDIATE 
  PCTFREE 10 PCTUSED 40 INITRANS 1 MAXTRANS 255 NOCOMPRESS LOGGING
  STORAGE(INITIAL 65536 NEXT 1048576 MINEXTENTS 1 MAXEXTENTS 2147483645
  PCTINCREASE 0 FREELISTS 1 FREELIST GROUPS 1 BUFFER_POOL DEFAULT FLASH_CACHE DEFAULT CELL_FLASH_CACHE DEFAULT)
  TABLESPACE "SYSTEM" ;

   COMMENT ON COLUMN "HWABO"."PROGRESS"."UCODE" IS '참여회원ID ';
   COMMENT ON COLUMN "HWABO"."PROGRESS"."PROJECT_NUM" IS '프로젝트고유번호 ';
   COMMENT ON COLUMN "HWABO"."PROGRESS"."NAME" IS '참여회원이름 ';
   COMMENT ON COLUMN "HWABO"."PROGRESS"."GOAL" IS '목표 수 ';
   COMMENT ON COLUMN "HWABO"."PROGRESS"."DONE" IS '달성 수 ';
   COMMENT ON COLUMN "HWABO"."PROGRESS"."TITLE" IS '목표제목 ';
   COMMENT ON COLUMN "HWABO"."PROGRESS"."CONTENT" IS '목표내용 ';
--------------------------------------------------------
--  DDL for Table PROJECT
--------------------------------------------------------

  CREATE TABLE "HWABO"."PROJECT" 
   (	"PROJECT_NUM" VARCHAR2(50 BYTE), 
	"NAME" VARCHAR2(200 BYTE), 
	"EXPLAIN" VARCHAR2(500 BYTE) DEFAULT '내용 없음', 
	"STARTDAY" DATE DEFAULT sysdate, 
	"ENDDAY" DATE DEFAULT sysdate, 
	"UPLOADDATE" DATE DEFAULT sysdate, 
	"OPEN" VARCHAR2(1000 BYTE) DEFAULT NULL, 
	"GOAL" NUMBER DEFAULT 5, 
	"DONE" NUMBER DEFAULT 0, 
	"RIGHT" NUMBER DEFAULT 0, 
	"ORDER_BY" VARCHAR2(2000 BYTE)
   ) SEGMENT CREATION IMMEDIATE 
  PCTFREE 10 PCTUSED 40 INITRANS 1 MAXTRANS 255 NOCOMPRESS LOGGING
  STORAGE(INITIAL 65536 NEXT 1048576 MINEXTENTS 1 MAXEXTENTS 2147483645
  PCTINCREASE 0 FREELISTS 1 FREELIST GROUPS 1 BUFFER_POOL DEFAULT FLASH_CACHE DEFAULT CELL_FLASH_CACHE DEFAULT)
  TABLESPACE "SYSTEM" ;

   COMMENT ON COLUMN "HWABO"."PROJECT"."PROJECT_NUM" IS '프로젝트 고유번호 ';
   COMMENT ON COLUMN "HWABO"."PROJECT"."NAME" IS '프로젝트 이름 ';
   COMMENT ON COLUMN "HWABO"."PROJECT"."EXPLAIN" IS '프로젝트 설명 ';
   COMMENT ON COLUMN "HWABO"."PROJECT"."STARTDAY" IS '시작날짜 ';
   COMMENT ON COLUMN "HWABO"."PROJECT"."ENDDAY" IS '끝날짜 ';
   COMMENT ON COLUMN "HWABO"."PROJECT"."UPLOADDATE" IS '등록일 ';
   COMMENT ON COLUMN "HWABO"."PROJECT"."OPEN" IS '프로젝트 이미지';
   COMMENT ON COLUMN "HWABO"."PROJECT"."GOAL" IS '전체목표 수 ';
   COMMENT ON COLUMN "HWABO"."PROJECT"."DONE" IS '전체달성 수 ';
   COMMENT ON COLUMN "HWABO"."PROJECT"."RIGHT" IS '참여승인 필요 여부 ';
--------------------------------------------------------
--  DDL for Table PROJECTP
--------------------------------------------------------

  CREATE TABLE "HWABO"."PROJECTP" 
   (	"PARTICIPANTSNAME" VARCHAR2(200 BYTE), 
	"ADMINWHETHER" CHAR(1 BYTE)
   ) SEGMENT CREATION IMMEDIATE 
  PCTFREE 10 PCTUSED 40 INITRANS 1 MAXTRANS 255 NOCOMPRESS LOGGING
  STORAGE(INITIAL 65536 NEXT 1048576 MINEXTENTS 1 MAXEXTENTS 2147483645
  PCTINCREASE 0 FREELISTS 1 FREELIST GROUPS 1 BUFFER_POOL DEFAULT FLASH_CACHE DEFAULT CELL_FLASH_CACHE DEFAULT)
  TABLESPACE "SYSTEM" ;

   COMMENT ON COLUMN "HWABO"."PROJECTP"."PARTICIPANTSNAME" IS '참여자명';
   COMMENT ON COLUMN "HWABO"."PROJECTP"."ADMINWHETHER" IS '관리자여부';
--------------------------------------------------------
--  DDL for Table REPLY
--------------------------------------------------------

  CREATE TABLE "HWABO"."REPLY" 
   (	"REPLYNO" VARCHAR2(50 BYTE), 
	"NO" VARCHAR2(50 BYTE), 
	"CONTENT" VARCHAR2(2000 BYTE), 
	"UCODE" VARCHAR2(100 BYTE), 
	"UNAME" VARCHAR2(100 BYTE), 
	"ENROLLDATE" DATE, 
	"SECONDENROLL" DATE, 
	"PARENT" VARCHAR2(50 BYTE), 
	"KIND" VARCHAR2(50 BYTE)
   ) SEGMENT CREATION IMMEDIATE 
  PCTFREE 10 PCTUSED 40 INITRANS 1 MAXTRANS 255 NOCOMPRESS LOGGING
  STORAGE(INITIAL 65536 NEXT 1048576 MINEXTENTS 1 MAXEXTENTS 2147483645
  PCTINCREASE 0 FREELISTS 1 FREELIST GROUPS 1 BUFFER_POOL DEFAULT FLASH_CACHE DEFAULT CELL_FLASH_CACHE DEFAULT)
  TABLESPACE "SYSTEM" ;

   COMMENT ON COLUMN "HWABO"."REPLY"."REPLYNO" IS '댓글번호';
   COMMENT ON COLUMN "HWABO"."REPLY"."NO" IS '게시글번호';
   COMMENT ON COLUMN "HWABO"."REPLY"."CONTENT" IS '내용';
   COMMENT ON COLUMN "HWABO"."REPLY"."UCODE" IS '작성자코드';
   COMMENT ON COLUMN "HWABO"."REPLY"."UNAME" IS '작성자이름';
   COMMENT ON COLUMN "HWABO"."REPLY"."ENROLLDATE" IS '등록일';
   COMMENT ON COLUMN "HWABO"."REPLY"."SECONDENROLL" IS '수정일';
   COMMENT ON COLUMN "HWABO"."REPLY"."PARENT" IS '부모replyno';
--------------------------------------------------------
--  DDL for Table SPOST
--------------------------------------------------------

  CREATE TABLE "HWABO"."SPOST" 
   (	"SNO" VARCHAR2(100 BYTE), 
	"STITLE" VARCHAR2(200 BYTE), 
	"SUCODE" VARCHAR2(20 BYTE), 
	"SWRITER" VARCHAR2(30 BYTE), 
	"SSTARTDAY" DATE, 
	"SENDDAY" DATE, 
	"SPLACE" VARCHAR2(500 BYTE), 
	"SCONTENT" VARCHAR2(700 BYTE), 
	"SENROLLDATE" DATE DEFAULT sysdate, 
	"SOPEN" VARCHAR2(10 BYTE) DEFAULT 'y', 
	"SPNUM" VARCHAR2(50 BYTE)
   ) SEGMENT CREATION IMMEDIATE 
  PCTFREE 10 PCTUSED 40 INITRANS 1 MAXTRANS 255 NOCOMPRESS LOGGING
  STORAGE(INITIAL 65536 NEXT 1048576 MINEXTENTS 1 MAXEXTENTS 2147483645
  PCTINCREASE 0 FREELISTS 1 FREELIST GROUPS 1 BUFFER_POOL DEFAULT FLASH_CACHE DEFAULT CELL_FLASH_CACHE DEFAULT)
  TABLESPACE "SYSTEM" ;

   COMMENT ON COLUMN "HWABO"."SPOST"."SNO" IS '번호';
   COMMENT ON COLUMN "HWABO"."SPOST"."STITLE" IS '제목';
   COMMENT ON COLUMN "HWABO"."SPOST"."SWRITER" IS '작성자';
   COMMENT ON COLUMN "HWABO"."SPOST"."SSTARTDAY" IS '시작날짜';
   COMMENT ON COLUMN "HWABO"."SPOST"."SENDDAY" IS '끝날짜';
   COMMENT ON COLUMN "HWABO"."SPOST"."SPLACE" IS '장소';
   COMMENT ON COLUMN "HWABO"."SPOST"."SCONTENT" IS '메모';
   COMMENT ON COLUMN "HWABO"."SPOST"."SENROLLDATE" IS '등록일';
   COMMENT ON COLUMN "HWABO"."SPOST"."SOPEN" IS '공개여부';
--------------------------------------------------------
--  DDL for Table STAR
--------------------------------------------------------

  CREATE TABLE "HWABO"."STAR" 
   (	"UCODE" VARCHAR2(50 BYTE), 
	"STAR" VARCHAR2(200 BYTE)
   ) SEGMENT CREATION IMMEDIATE 
  PCTFREE 10 PCTUSED 40 INITRANS 1 MAXTRANS 255 NOCOMPRESS LOGGING
  STORAGE(INITIAL 65536 NEXT 1048576 MINEXTENTS 1 MAXEXTENTS 2147483645
  PCTINCREASE 0 FREELISTS 1 FREELIST GROUPS 1 BUFFER_POOL DEFAULT FLASH_CACHE DEFAULT CELL_FLASH_CACHE DEFAULT)
  TABLESPACE "SYSTEM" ;

   COMMENT ON COLUMN "HWABO"."STAR"."UCODE" IS '사용자번호';
   COMMENT ON COLUMN "HWABO"."STAR"."STAR" IS '즐겨찾기';
--------------------------------------------------------
--  DDL for Table VPOST
--------------------------------------------------------

  CREATE TABLE "HWABO"."VPOST" 
   (	"VNO" VARCHAR2(20 BYTE), 
	"VTITLE" VARCHAR2(200 BYTE), 
	"VUCODE" VARCHAR2(20 BYTE), 
	"VWRITER" VARCHAR2(30 BYTE), 
	"VALARM" VARCHAR2(30 BYTE), 
	"VCONTENT" VARCHAR2(2000 BYTE), 
	"VENROLLDATE" DATE DEFAULT sysdate, 
	"VOTECHECK" VARCHAR2(2000 BYTE), 
	"VOTENUMBER" NUMBER DEFAULT 0
   ) SEGMENT CREATION IMMEDIATE 
  PCTFREE 10 PCTUSED 40 INITRANS 1 MAXTRANS 255 NOCOMPRESS LOGGING
  STORAGE(INITIAL 65536 NEXT 1048576 MINEXTENTS 1 MAXEXTENTS 2147483645
  PCTINCREASE 0 FREELISTS 1 FREELIST GROUPS 1 BUFFER_POOL DEFAULT FLASH_CACHE DEFAULT CELL_FLASH_CACHE DEFAULT)
  TABLESPACE "SYSTEM" ;
--------------------------------------------------------
--  DDL for View CFILE1
--------------------------------------------------------

  CREATE OR REPLACE FORCE VIEW "HWABO"."CFILE1" ("O", "R", "N") AS 
  (select ofile1 as o, rfile1  as r, cno as n
from addon
union all
select ofile2 as o, rfile2 as r, cno as n
from addon
union all
select ofile3 as o, rfile3 as r, cno as n
from addon)
;
--------------------------------------------------------
--  DDL for View CFILE2
--------------------------------------------------------

  CREATE OR REPLACE FORCE VIEW "HWABO"."CFILE2" ("CNO", "CTITLE", "CWRITER", "CENROLLDATE", "O", "R") AS 
  (
select cno, ctitle, cwriter, cenrolldate, o, r from cpost
 join test3 on(cpost.cno=test3.n))
;
--------------------------------------------------------
--  DDL for View CFILE3
--------------------------------------------------------

  CREATE OR REPLACE FORCE VIEW "HWABO"."CFILE3" ("O", "R", "N") AS 
  (select ofile1 as o, rfile1  as r, cno as n
from addon
union all
select ofile2 as o, rfile2 as r, cno as n
from addon
union all
select ofile3 as o, rfile3 as r, cno as n
from addon)
;
--------------------------------------------------------
--  DDL for View CFILE4
--------------------------------------------------------

  CREATE OR REPLACE FORCE VIEW "HWABO"."CFILE4" ("CNO", "CTITLE", "CWRITER", "CENROLLDATE", "O", "R", "CPNUM") AS 
  (
select cno, ctitle, cwriter, cenrolldate, o, r, cpnum from cpost
 join test3 on(cpost.cno=test3.n))
;
--------------------------------------------------------
--  DDL for View CTABLE
--------------------------------------------------------

  CREATE OR REPLACE FORCE VIEW "HWABO"."CTABLE" ("CNO", "CPNUM", "CTITLE", "CUCODE", "CWRITER", "CCONTENT", "CENROLLDATE", "COPEN", "HASHTAGS", "MENTIONS", "OFILE1", "RFILE1", "OFILE2", "RFILE2", "OFILE3", "RFILE3") AS 
  (select "CNO","CPNUM","CTITLE","CUCODE","CWRITER","CCONTENT","CENROLLDATE","COPEN","HASHTAGS","MENTIONS","OFILE1","RFILE1","OFILE2","RFILE2","OFILE3","RFILE3" from cpost 
left join addon using (cno))
;
--------------------------------------------------------
--  DDL for View PJMEMBERVIEW
--------------------------------------------------------

  CREATE OR REPLACE FORCE VIEW "HWABO"."PJMEMBERVIEW" ("UCODE", "UEMAIL", "UPWD", "UNAME", "UPHONE", "UGROUP", "UROLE", "UST", "UCERT", "UDATE", "SIGNTYPE", "ACCESSTOKEN", "UIMG", "UACTIVE", "PNUM", "PJADMIN") AS 
  select "UCODE","UEMAIL","UPWD","UNAME","UPHONE","UGROUP","UROLE","UST","UCERT","UDATE","SIGNTYPE","ACCESSTOKEN","UIMG","UACTIVE","PNUM","PJADMIN" from member
left join pjmember using (ucode)
;
--------------------------------------------------------
--  DDL for View REALPOST
--------------------------------------------------------

  CREATE OR REPLACE FORCE VIEW "HWABO"."REALPOST" ("FIRSTWORD", "NO", "ENROLLDATE", "PNUM", "UCODE", "SNO", "STITLE", "SUCODE", "SWRITER", "SSTARTDAY", "SENDDAY", "SPLACE", "SCONTENT", "SENROLLDATE", "SOPEN", "SPNUM", "CNO", "CPNUM", "CTITLE", "CUCODE", "CWRITER", "CCONTENT", "CENROLLDATE", "COPEN", "HASHTAGS", "MENTIONS", "OFILE1", "RFILE1", "OFILE2", "RFILE2", "OFILE3", "RFILE3", "BNO", "BTITLE", "BUCODE", "BWRITER", "BSTARTDAY", "BENDDAY", "BKIND", "BCHARGE", "BCONTENT", "BENROLLDATE", "BOPEN", "BRENAMEFILE", "BORIGINFILE", "BPNUM", "BCHARGENAME") AS 
  select "FIRSTWORD","NO","ENROLLDATE","PNUM","UCODE","SNO","STITLE","SUCODE","SWRITER","SSTARTDAY","SENDDAY","SPLACE","SCONTENT","SENROLLDATE","SOPEN","SPNUM","CNO","CPNUM","CTITLE","CUCODE","CWRITER","CCONTENT","CENROLLDATE","COPEN","HASHTAGS","MENTIONS","OFILE1","RFILE1","OFILE2","RFILE2","OFILE3","RFILE3","BNO","BTITLE","BUCODE","BWRITER","BSTARTDAY","BENDDAY","BKIND","BCHARGE","BCONTENT","BENROLLDATE","BOPEN","BRENAMEFILE","BORIGINFILE","BPNUM","BCHARGENAME" from selectpost
full outer join spost
on (no=spost.sno)
full outer join (select * from cpost
                     left join addon using (cno))
on (no=cno)
full outer join bpost
on (no=bpost.bno)
;
--------------------------------------------------------
--  DDL for View SELECTPOST
--------------------------------------------------------

  CREATE OR REPLACE FORCE VIEW "HWABO"."SELECTPOST" ("FIRSTWORD", "NO", "ENROLLDATE", "PNUM", "UCODE") AS 
  select substr(sno, 1,1) as firstword, sno as no, senrolldate as enrolldate, spnum as pnum, sucode as ucode from spost
union
select  substr(cno, 1,1) as firstword, cno as no, cenrolldate as enrolldate, cpnum as pnum, cucode as ucode from cpost
union
select  substr(bno, 1,1) as firstword, bno as no, benrolldate as enrolldate, bpnum as pnum, bucode as ucode from bpost
order by enrolldate desc
;
--------------------------------------------------------
--  DDL for View TEST
--------------------------------------------------------

  CREATE OR REPLACE FORCE VIEW "HWABO"."TEST" ("SNO", "STITLE", "SUCODE", "SWRITER", "SSTARTDAY", "SENDDAY", "SPLACE", "SCONTENT", "SENROLLDATE", "SOPEN", "SPNUM", "CNO", "CPNUM", "CTITLE", "CUCODE", "CWRITER", "CCONTENT", "CENROLLDATE", "COPEN", "HASHTAGS", "MENTIONS", "OFILE1", "RFILE1", "OFILE2", "RFILE2", "OFILE3", "RFILE3", "BNO", "BTITLE", "BUCODE", "BWRITER", "BSTARTDAY", "BENDDAY", "BKIND", "BCHARGE", "BCONTENT", "BENROLLDATE", "BOPEN", "BRENAMEFILE", "BORIGINFILE", "BPNUM", "BCHARGENAME") AS 
  select "SNO","STITLE","SUCODE","SWRITER","SSTARTDAY","SENDDAY","SPLACE","SCONTENT","SENROLLDATE","SOPEN","SPNUM","CNO","CPNUM","CTITLE","CUCODE","CWRITER","CCONTENT","CENROLLDATE","COPEN","HASHTAGS","MENTIONS","OFILE1","RFILE1","OFILE2","RFILE2","OFILE3","RFILE3","BNO","BTITLE","BUCODE","BWRITER","BSTARTDAY","BENDDAY","BKIND","BCHARGE","BCONTENT","BENROLLDATE","BOPEN","BRENAMEFILE","BORIGINFILE","BPNUM","BCHARGENAME" from spost 
full outer join (select * from cpost
                     left join addon using (cno))
on (sno=cno)
full outer join bpost
on (sno=bpost.bno)
;
--------------------------------------------------------
--  DDL for View TEST1
--------------------------------------------------------

  CREATE OR REPLACE FORCE VIEW "HWABO"."TEST1" ("SNO", "STITLE", "SUCODE", "SWRITER", "SSTARTDAY", "SENDDAY", "SPLACE", "SCONTENT", "SENROLLDATE", "SOPEN", "SPNUM", "CNO", "CPNUM", "CTITLE", "CUCODE", "CWRITER", "CCONTENT", "CENROLLDATE", "COPEN", "HASHTAGS", "MENTIONS") AS 
  (select "SNO","STITLE","SUCODE","SWRITER","SSTARTDAY","SENDDAY","SPLACE","SCONTENT","SENROLLDATE","SOPEN","SPNUM","CNO","CPNUM","CTITLE","CUCODE","CWRITER","CCONTENT","CENROLLDATE","COPEN","HASHTAGS","MENTIONS" from(
select * from spost)full outer join (select * from cpost) 
on (sno=cno)
)
;
--------------------------------------------------------
--  DDL for View TEST3
--------------------------------------------------------

  CREATE OR REPLACE FORCE VIEW "HWABO"."TEST3" ("O", "R", "N") AS 
  (select ofile1 as o, rfile1  as r, cno as n
from addon
union all
select ofile2 as o, rfile2 as r, cno as n
from addon
union all
select ofile3 as o, rfile3 as r, cno as n
from addon)
;
--------------------------------------------------------
--  DDL for View TEST4
--------------------------------------------------------

  CREATE OR REPLACE FORCE VIEW "HWABO"."TEST4" ("CNO", "CWRITER", "CENROLLDATE", "O", "R") AS 
  (
select cno, cwriter, cenrolldate, o, r from cpost
 join test3 on(cpost.cno=test3.n))
;
REM INSERTING into HWABO.ADDON
SET DEFINE OFF;
Insert into HWABO.ADDON (CNO,OFILE1,RFILE1,OFILE2,RFILE2,OFILE3,RFILE3) values ('c353','사진1 (1).jpg','c353202009262221530.jpg','사진3.jpeg','c353202009262221531.jpeg',null,null);
Insert into HWABO.ADDON (CNO,OFILE1,RFILE1,OFILE2,RFILE2,OFILE3,RFILE3) values ('c355','사진1.jpg','c355202009262241220.jpg',null,null,null,null);
Insert into HWABO.ADDON (CNO,OFILE1,RFILE1,OFILE2,RFILE2,OFILE3,RFILE3) values ('c356','사진1.jpg','c356202009262305520.jpg','사진2.jpg','c356202009262305521.jpg','파이널프로젝트일정.txt','c356202009290611080.txt');
Insert into HWABO.ADDON (CNO,OFILE1,RFILE1,OFILE2,RFILE2,OFILE3,RFILE3) values ('c401','tree (15).jpg','c401202009282231160.jpg',null,null,null,null);
Insert into HWABO.ADDON (CNO,OFILE1,RFILE1,OFILE2,RFILE2,OFILE3,RFILE3) values ('c382','unnamed.jpg','c382202009281611220.jpg',null,null,null,null);
Insert into HWABO.ADDON (CNO,OFILE1,RFILE1,OFILE2,RFILE2,OFILE3,RFILE3) values ('c383',null,null,'unnamed.jpg','c383202009281612171.jpg','unnamed (1).jpg','c383202009281612310.jpg');
Insert into HWABO.ADDON (CNO,OFILE1,RFILE1,OFILE2,RFILE2,OFILE3,RFILE3) values ('c402','cos.jar','c402202009282234220.jar',null,null,null,null);
Insert into HWABO.ADDON (CNO,OFILE1,RFILE1,OFILE2,RFILE2,OFILE3,RFILE3) values ('c403','resources.zip','c403202009282235220.zip',null,null,null,null);
Insert into HWABO.ADDON (CNO,OFILE1,RFILE1,OFILE2,RFILE2,OFILE3,RFILE3) values ('c422','5_관리자_성적장학금관리.jpg','c422202009291442590.jpg',null,null,null,null);
Insert into HWABO.ADDON (CNO,OFILE1,RFILE1,OFILE2,RFILE2,OFILE3,RFILE3) values ('c442','테스트사진1.jpg','c442202009291536580.jpg','unnamed (1).jpg','c442202009291537250.jpg',null,null);
Insert into HWABO.ADDON (CNO,OFILE1,RFILE1,OFILE2,RFILE2,OFILE3,RFILE3) values ('c443','테스트사진1.jpg','c443202009291538040.jpg','09 서술형.txt','c443202009291541180.txt','테스트사진3.jpg','c443202009291538042.jpg');
Insert into HWABO.ADDON (CNO,OFILE1,RFILE1,OFILE2,RFILE2,OFILE3,RFILE3) values ('c445','unnamed (1).jpg','c445202009291612290.jpg','파일테스트.txt','c445202009291612380.txt',null,null);
Insert into HWABO.ADDON (CNO,OFILE1,RFILE1,OFILE2,RFILE2,OFILE3,RFILE3) values ('c523','KakaoTalk_20200905_233922165.jpg','c523202010192056420.jpg',null,null,null,null);
Insert into HWABO.ADDON (CNO,OFILE1,RFILE1,OFILE2,RFILE2,OFILE3,RFILE3) values ('c524','image_from_ios.jpg','c524202010192057400.jpg',null,null,null,null);
REM INSERTING into HWABO.ADDTAG
SET DEFINE OFF;
REM INSERTING into HWABO.ALARM
SET DEFINE OFF;
REM INSERTING into HWABO.BPOST
SET DEFINE OFF;
Insert into HWABO.BPOST (BNO,BTITLE,BUCODE,BWRITER,BSTARTDAY,BENDDAY,BKIND,BCHARGE,BCONTENT,BENROLLDATE,BOPEN,BRENAMEFILE,BORIGINFILE,BPNUM,BCHARGENAME) values ('b20','업무 일정 보고서 작성하시오!','h22','정회원',to_date('20/09/16','RR/MM/DD'),to_date('20/09/16','RR/MM/DD'),'요청','h32,h102,h22','졸려요',to_date('20/09/15','RR/MM/DD'),'n','20200915232527.jpg','tree.jpg','51381715','김회원,백규림,정회원');
Insert into HWABO.BPOST (BNO,BTITLE,BUCODE,BWRITER,BSTARTDAY,BENDDAY,BKIND,BCHARGE,BCONTENT,BENROLLDATE,BOPEN,BRENAMEFILE,BORIGINFILE,BPNUM,BCHARGENAME) values ('b25','테스트 file','h22','정회원',to_date('20/09/18','RR/MM/DD'),to_date('20/09/18','RR/MM/DD'),'요청','h32',null,to_date('20/09/16','RR/MM/DD'),'y','20200916165336.jpg','a.jpg','51381715','김회원');
Insert into HWABO.BPOST (BNO,BTITLE,BUCODE,BWRITER,BSTARTDAY,BENDDAY,BKIND,BCHARGE,BCONTENT,BENROLLDATE,BOPEN,BRENAMEFILE,BORIGINFILE,BPNUM,BCHARGENAME) values ('b48','업무                          ','h124','한여진',to_date('20/09/24','RR/MM/DD'),to_date('20/09/24','RR/MM/DD'),'요청',',h124','업무요청',to_date('20/09/24','RR/MM/DD'),'y','20200924183339.jpg','프1.jpg','1','한여진');
Insert into HWABO.BPOST (BNO,BTITLE,BUCODE,BWRITER,BSTARTDAY,BENDDAY,BKIND,BCHARGE,BCONTENT,BENROLLDATE,BOPEN,BRENAMEFILE,BORIGINFILE,BPNUM,BCHARGENAME) values ('b23','슈퍼맨과 배트맨a','h22','정회원',to_date('20/09/11','RR/MM/DD'),to_date('20/09/07','RR/MM/DD'),'완료',',h32','전 배트맨이요aaaa',to_date('20/09/15','RR/MM/DD'),'y','20200915232728.jpg','photo-1599466020583-117bc35a07b7.jpg','51381715','김회원');
Insert into HWABO.BPOST (BNO,BTITLE,BUCODE,BWRITER,BSTARTDAY,BENDDAY,BKIND,BCHARGE,BCONTENT,BENROLLDATE,BOPEN,BRENAMEFILE,BORIGINFILE,BPNUM,BCHARGENAME) values ('b24','서류 작업  e','h22','정회원',to_date('20/09/14','RR/MM/DD'),to_date('20/09/18','RR/MM/DD'),'요청',',h32','
코로나 인사조정으로 인해 귀하에게 해고 통보가 곧 요청될 것입니다. 
서둘러 서류 작업을 마무리 해주십시오.',to_date('20/09/16','RR/MM/DD'),'y',null,null,'51381715','김회원');
Insert into HWABO.BPOST (BNO,BTITLE,BUCODE,BWRITER,BSTARTDAY,BENDDAY,BKIND,BCHARGE,BCONTENT,BENROLLDATE,BOPEN,BRENAMEFILE,BORIGINFILE,BPNUM,BCHARGENAME) values ('b26','file down','h22','정회원',to_date('20/09/24','RR/MM/DD'),to_date('20/09/24','RR/MM/DD'),'완료','h102',null,to_date('20/09/17','RR/MM/DD'),'y','20200917195346.jpg','달.jpg','51381715','백규림');
Insert into HWABO.BPOST (BNO,BTITLE,BUCODE,BWRITER,BSTARTDAY,BENDDAY,BKIND,BCHARGE,BCONTENT,BENROLLDATE,BOPEN,BRENAMEFILE,BORIGINFILE,BPNUM,BCHARGENAME) values ('b52','저는 영은수 한여진에게 업무 요청','h126','영은수',to_date('20/09/28','RR/MM/DD'),to_date('20/09/30','RR/MM/DD'),'요청','h124','ㅇ',to_date('20/09/28','RR/MM/DD'),'y',null,null,'1','한여진');
Insert into HWABO.BPOST (BNO,BTITLE,BUCODE,BWRITER,BSTARTDAY,BENDDAY,BKIND,BCHARGE,BCONTENT,BENROLLDATE,BOPEN,BRENAMEFILE,BORIGINFILE,BPNUM,BCHARGENAME) values ('b29','완료에서        보류로','h123','김회원',to_date('20/09/26','RR/MM/DD'),to_date('20/09/30','RR/MM/DD'),'피드백',',h22',null,to_date('20/09/18','RR/MM/DD'),'y','20200925164101.png','Page  1-1.png','1','정회원');
Insert into HWABO.BPOST (BNO,BTITLE,BUCODE,BWRITER,BSTARTDAY,BENDDAY,BKIND,BCHARGE,BCONTENT,BENROLLDATE,BOPEN,BRENAMEFILE,BORIGINFILE,BPNUM,BCHARGENAME) values ('b49','ㅇ','h123','김회원',to_date('20/09/25','RR/MM/DD'),to_date('20/09/25','RR/MM/DD'),'요청','h22','ㄹ',to_date('20/09/25','RR/MM/DD'),'y',null,null,'1','정회원');
Insert into HWABO.BPOST (BNO,BTITLE,BUCODE,BWRITER,BSTARTDAY,BENDDAY,BKIND,BCHARGE,BCONTENT,BENROLLDATE,BOPEN,BRENAMEFILE,BORIGINFILE,BPNUM,BCHARGENAME) values ('b38','file','h102','백규림',to_date('20/09/23','RR/MM/DD'),to_date('20/09/24','RR/MM/DD'),'진행','h32',null,to_date('20/09/20','RR/MM/DD'),'y','20200920192858.jpg','tree.jpg','51381715','김회원');
Insert into HWABO.BPOST (BNO,BTITLE,BUCODE,BWRITER,BSTARTDAY,BENDDAY,BKIND,BCHARGE,BCONTENT,BENROLLDATE,BOPEN,BRENAMEFILE,BORIGINFILE,BPNUM,BCHARGENAME) values ('b45','업무는 어렵습니다','h124','한여진',to_date('20/09/22','RR/MM/DD'),to_date('20/09/22','RR/MM/DD'),'보류','h22,h125','업무하기시러여',to_date('20/09/22','RR/MM/DD'),'y','20200929100451.jpg','8_관리자_휴학복학신청관리.jpg','1','정회원,서동재');
Insert into HWABO.BPOST (BNO,BTITLE,BUCODE,BWRITER,BSTARTDAY,BENDDAY,BKIND,BCHARGE,BCONTENT,BENROLLDATE,BOPEN,BRENAMEFILE,BORIGINFILE,BPNUM,BCHARGENAME) values ('b40','프로젝트 생성페이지 만들기','h130','정재구',to_date('20/09/12','RR/MM/DD'),to_date('20/09/13','RR/MM/DD'),'완료','h130','프로젝트 생성 페이지를 만들었다',to_date('20/09/20','RR/MM/DD'),'y',null,null,'51381715','정재구');
Insert into HWABO.BPOST (BNO,BTITLE,BUCODE,BWRITER,BSTARTDAY,BENDDAY,BKIND,BCHARGE,BCONTENT,BENROLLDATE,BOPEN,BRENAMEFILE,BORIGINFILE,BPNUM,BCHARGENAME) values ('b35','xptmxm','h102','백규림',to_date('20/10/02','RR/MM/DD'),to_date('20/10/02','RR/MM/DD'),'요청','h102',null,to_date('20/09/19','RR/MM/DD'),'n',null,null,'51381715','백규림');
Insert into HWABO.BPOST (BNO,BTITLE,BUCODE,BWRITER,BSTARTDAY,BENDDAY,BKIND,BCHARGE,BCONTENT,BENROLLDATE,BOPEN,BRENAMEFILE,BORIGINFILE,BPNUM,BCHARGENAME) values ('b36','에이작스 중복 테스트22','h102','백규림',to_date('20/09/17','RR/MM/DD'),to_date('20/09/18','RR/MM/DD'),'진행',',h32','수정수정수정',to_date('20/09/19','RR/MM/DD'),'n','20200920151932.jpg','tree.jpg','51381715','김회원');
Insert into HWABO.BPOST (BNO,BTITLE,BUCODE,BWRITER,BSTARTDAY,BENDDAY,BKIND,BCHARGE,BCONTENT,BENROLLDATE,BOPEN,BRENAMEFILE,BORIGINFILE,BPNUM,BCHARGENAME) values ('b34','ㅇㅇ수정','h102','백규림',to_date('20/09/24','RR/MM/DD'),to_date('20/09/25','RR/MM/DD'),'피드백','h102',null,to_date('20/09/19','RR/MM/DD'),'n',null,null,'51381715','백규림');
Insert into HWABO.BPOST (BNO,BTITLE,BUCODE,BWRITER,BSTARTDAY,BENDDAY,BKIND,BCHARGE,BCONTENT,BENROLLDATE,BOPEN,BRENAMEFILE,BORIGINFILE,BPNUM,BCHARGENAME) values ('b37','메인페이지 만드는 중~','h130','정재구',to_date('20/09/19','RR/MM/DD'),to_date('20/09/20','RR/MM/DD'),'진행','h130','배트배트 야구배트...',to_date('20/09/19','RR/MM/DD'),'y',null,null,'51381715','정재구');
Insert into HWABO.BPOST (BNO,BTITLE,BUCODE,BWRITER,BSTARTDAY,BENDDAY,BKIND,BCHARGE,BCONTENT,BENROLLDATE,BOPEN,BRENAMEFILE,BORIGINFILE,BPNUM,BCHARGENAME) values ('b41','목표페이지 완성','h130','정재구',to_date('20/09/14','RR/MM/DD'),to_date('20/09/16','RR/MM/DD'),'완료','h130','목표페이지를 완성했다',to_date('20/09/20','RR/MM/DD'),'y','20200920232215.gif','20191203214149_blaxtvds.gif','51381715','정재구');
Insert into HWABO.BPOST (BNO,BTITLE,BUCODE,BWRITER,BSTARTDAY,BENDDAY,BKIND,BCHARGE,BCONTENT,BENROLLDATE,BOPEN,BRENAMEFILE,BORIGINFILE,BPNUM,BCHARGENAME) values ('b42','채팅을 완성','h130','정재구',to_date('20/09/18','RR/MM/DD'),to_date('20/09/19','RR/MM/DD'),'완료','h130','채팅 완성~',to_date('20/09/20','RR/MM/DD'),'y',null,null,'51381715','정재구');
Insert into HWABO.BPOST (BNO,BTITLE,BUCODE,BWRITER,BSTARTDAY,BENDDAY,BKIND,BCHARGE,BCONTENT,BENROLLDATE,BOPEN,BRENAMEFILE,BORIGINFILE,BPNUM,BCHARGENAME) values ('b46','zx','h22','정회원',to_date('20/09/04','RR/MM/DD'),to_date('20/09/01','RR/MM/DD'),'요청','h123',null,to_date('20/09/23','RR/MM/DD'),'y','20200923121014.png','Page 3.png','1','김회원');
Insert into HWABO.BPOST (BNO,BTITLE,BUCODE,BWRITER,BSTARTDAY,BENDDAY,BKIND,BCHARGE,BCONTENT,BENROLLDATE,BOPEN,BRENAMEFILE,BORIGINFILE,BPNUM,BCHARGENAME) values ('b44','나무사진!','h102','백규림',to_date('20/09/21','RR/MM/DD'),to_date('20/09/21','RR/MM/DD'),'요청','h102',null,to_date('20/09/21','RR/MM/DD'),'y','20200921152404.jpg','바다.jpg','1','백규림');
Insert into HWABO.BPOST (BNO,BTITLE,BUCODE,BWRITER,BSTARTDAY,BENDDAY,BKIND,BCHARGE,BCONTENT,BENROLLDATE,BOPEN,BRENAMEFILE,BORIGINFILE,BPNUM,BCHARGENAME) values ('b47','v','h123','김회원',to_date('20/09/23','RR/MM/DD'),to_date('20/09/23','RR/MM/DD'),'피드백','h125',null,to_date('20/09/23','RR/MM/DD'),'y','undefined','undefined','1','서동재');
Insert into HWABO.BPOST (BNO,BTITLE,BUCODE,BWRITER,BSTARTDAY,BENDDAY,BKIND,BCHARGE,BCONTENT,BENROLLDATE,BOPEN,BRENAMEFILE,BORIGINFILE,BPNUM,BCHARGENAME) values ('b54','제목 수정','h102','백규림',to_date('20/09/16','RR/MM/DD'),to_date('20/09/24','RR/MM/DD'),'진행','h102',null,to_date('20/09/28','RR/MM/DD'),'y',null,null,'1','백규림');
Insert into HWABO.BPOST (BNO,BTITLE,BUCODE,BWRITER,BSTARTDAY,BENDDAY,BKIND,BCHARGE,BCONTENT,BENROLLDATE,BOPEN,BRENAMEFILE,BORIGINFILE,BPNUM,BCHARGENAME) values ('b50','테스트','h130','정재구',to_date('20/09/18','RR/MM/DD'),to_date('20/10/06','RR/MM/DD'),'피드백','h127','테',to_date('20/09/26','RR/MM/DD'),'y',null,null,'1','이창준');
Insert into HWABO.BPOST (BNO,BTITLE,BUCODE,BWRITER,BSTARTDAY,BENDDAY,BKIND,BCHARGE,BCONTENT,BENROLLDATE,BOPEN,BRENAMEFILE,BORIGINFILE,BPNUM,BCHARGENAME) values ('b51','말두앙대','h102','백규림',to_date('20/09/10','RR/MM/DD'),to_date('20/09/18','RR/MM/DD'),'요청','h125',null,to_date('20/09/26','RR/MM/DD'),'y',null,null,'1','서동재');
Insert into HWABO.BPOST (BNO,BTITLE,BUCODE,BWRITER,BSTARTDAY,BENDDAY,BKIND,BCHARGE,BCONTENT,BENROLLDATE,BOPEN,BRENAMEFILE,BORIGINFILE,BPNUM,BCHARGENAME) values ('b53','수정','h102','백규림',to_date('20/09/17','RR/MM/DD'),to_date('20/09/25','RR/MM/DD'),'요청','h102',null,to_date('20/09/28','RR/MM/DD'),'y',null,null,'1','백규림');
Insert into HWABO.BPOST (BNO,BTITLE,BUCODE,BWRITER,BSTARTDAY,BENDDAY,BKIND,BCHARGE,BCONTENT,BENROLLDATE,BOPEN,BRENAMEFILE,BORIGINFILE,BPNUM,BCHARGENAME) values ('b55','음ddddd','h102','백규림',to_date('20/09/11','RR/MM/DD'),to_date('20/09/15','RR/MM/DD'),'진행',',h124',null,to_date('20/09/28','RR/MM/DD'),'y',null,null,'1','한여진');
Insert into HWABO.BPOST (BNO,BTITLE,BUCODE,BWRITER,BSTARTDAY,BENDDAY,BKIND,BCHARGE,BCONTENT,BENROLLDATE,BOPEN,BRENAMEFILE,BORIGINFILE,BPNUM,BCHARGENAME) values ('b56','근무시간에 이탈하지 맙시다','h102','백규림',to_date('20/09/23','RR/MM/DD'),to_date('20/09/29','RR/MM/DD'),'요청',',on',null,to_date('20/09/28','RR/MM/DD'),'y',null,null,'1','on');
Insert into HWABO.BPOST (BNO,BTITLE,BUCODE,BWRITER,BSTARTDAY,BENDDAY,BKIND,BCHARGE,BCONTENT,BENROLLDATE,BOPEN,BRENAMEFILE,BORIGINFILE,BPNUM,BCHARGENAME) values ('b57',''']''','h130','정재구',to_date('20/09/28','RR/MM/DD'),to_date('20/09/28','RR/MM/DD'),'피드백','h130',';',to_date('20/09/28','RR/MM/DD'),'y',null,null,'2','정재구');
Insert into HWABO.BPOST (BNO,BTITLE,BUCODE,BWRITER,BSTARTDAY,BENDDAY,BKIND,BCHARGE,BCONTENT,BENROLLDATE,BOPEN,BRENAMEFILE,BORIGINFILE,BPNUM,BCHARGENAME) values ('b64','퇴사자  인수인계  알림!','h102','백규림',to_date('20/09/28','RR/MM/DD'),to_date('20/10/02','RR/MM/DD'),'요청','h102',null,to_date('20/09/28','RR/MM/DD'),'y','20200928224411.html','comment-page-2.html','1','백규림');
Insert into HWABO.BPOST (BNO,BTITLE,BUCODE,BWRITER,BSTARTDAY,BENDDAY,BKIND,BCHARGE,BCONTENT,BENROLLDATE,BOPEN,BRENAMEFILE,BORIGINFILE,BPNUM,BCHARGENAME) values ('b59','123123','h123','김회원',to_date('20/09/28','RR/MM/DD'),to_date('20/09/28','RR/MM/DD'),'피드백',',on','a',to_date('20/09/28','RR/MM/DD'),'y',null,null,'1','on');
Insert into HWABO.BPOST (BNO,BTITLE,BUCODE,BWRITER,BSTARTDAY,BENDDAY,BKIND,BCHARGE,BCONTENT,BENROLLDATE,BOPEN,BRENAMEFILE,BORIGINFILE,BPNUM,BCHARGENAME) values ('b60','데드라인 준수 부탁드립니다.','h130','정재구',to_date('20/09/28','RR/MM/DD'),to_date('20/09/29','RR/MM/DD'),'요청','h124,h125,h126,h102','업무 진행률이 낮습니다.
데드라인 준수 부탁드립니다.',to_date('20/09/28','RR/MM/DD'),'y',null,null,'1','한여진,서동재,영은수,백규림');
Insert into HWABO.BPOST (BNO,BTITLE,BUCODE,BWRITER,BSTARTDAY,BENDDAY,BKIND,BCHARGE,BCONTENT,BENROLLDATE,BOPEN,BRENAMEFILE,BORIGINFILE,BPNUM,BCHARGENAME) values ('b62','클래스 설계 발표','h102','백규림',to_date('20/09/29','RR/MM/DD'),to_date('20/09/30','RR/MM/DD'),'요청','h22,h127','이틀 안에 발표 준비해 주세요. 
예시로 사용할 샘플 파일 첨부하겠습니다.',to_date('20/09/28','RR/MM/DD'),'y','20200928220403.pdf','1조UI설계.pdf','1','정회원,이창준');
Insert into HWABO.BPOST (BNO,BTITLE,BUCODE,BWRITER,BSTARTDAY,BENDDAY,BKIND,BCHARGE,BCONTENT,BENROLLDATE,BOPEN,BRENAMEFILE,BORIGINFILE,BPNUM,BCHARGENAME) values ('b61','122','h123','김회원',to_date('20/09/01','RR/MM/DD'),to_date('20/09/23','RR/MM/DD'),'완료','h124',null,to_date('20/09/28','RR/MM/DD'),'y',null,null,'1','한여진');
Insert into HWABO.BPOST (BNO,BTITLE,BUCODE,BWRITER,BSTARTDAY,BENDDAY,BKIND,BCHARGE,BCONTENT,BENROLLDATE,BOPEN,BRENAMEFILE,BORIGINFILE,BPNUM,BCHARGENAME) values ('b63','사진파일 올리겠습니다.','h102','백규림',to_date('20/09/28','RR/MM/DD'),to_date('20/09/28','RR/MM/DD'),'요청','h102',null,to_date('20/09/28','RR/MM/DD'),'y','20200928222844.zip','resources.zip','1','백규림');
Insert into HWABO.BPOST (BNO,BTITLE,BUCODE,BWRITER,BSTARTDAY,BENDDAY,BKIND,BCHARGE,BCONTENT,BENROLLDATE,BOPEN,BRENAMEFILE,BORIGINFILE,BPNUM,BCHARGENAME) values ('b65','서버 작업중입니다 (06:00 ~ 10:10)','h22','정회원',to_date('20/09/28','RR/MM/DD'),to_date('20/09/28','RR/MM/DD'),'완료','h22,h102','불편을 드려 죄송합니다.
<br>
작업 내용 : 서버안정화 및 테스트<br>
작업시간 : (06:00 ~ 10:100)<br>
책임자 : 정재구',to_date('20/09/28','RR/MM/DD'),'y',null,null,'1','정회원,백규림');
Insert into HWABO.BPOST (BNO,BTITLE,BUCODE,BWRITER,BSTARTDAY,BENDDAY,BKIND,BCHARGE,BCONTENT,BENROLLDATE,BOPEN,BRENAMEFILE,BORIGINFILE,BPNUM,BCHARGENAME) values ('b66',' [안내] 불편사항이 생길 수도 있으니 피드백 부탁드립니다. ','h22','정회원',to_date('20/09/28','RR/MM/DD'),to_date('20/09/29','RR/MM/DD'),'피드백','h22','서버와 작업이 끝났으나<br> 미처 테스트하지 못한 부분이 발생 할 수 있습니다.<br>
이용중 오류발생 담당자에게 연락바랍니다.<br>
책임자 : 정재구',to_date('20/09/28','RR/MM/DD'),'y',null,null,'1','정회원');
Insert into HWABO.BPOST (BNO,BTITLE,BUCODE,BWRITER,BSTARTDAY,BENDDAY,BKIND,BCHARGE,BCONTENT,BENROLLDATE,BOPEN,BRENAMEFILE,BORIGINFILE,BPNUM,BCHARGENAME) values ('b67','안녕하세요 요청입니다','h124','한여진',to_date('20/09/29','RR/MM/DD'),to_date('20/09/29','RR/MM/DD'),'피드백','h125,h102',null,to_date('20/09/29','RR/MM/DD'),'y',null,null,'1','서동재,백규림');
Insert into HWABO.BPOST (BNO,BTITLE,BUCODE,BWRITER,BSTARTDAY,BENDDAY,BKIND,BCHARGE,BCONTENT,BENROLLDATE,BOPEN,BRENAMEFILE,BORIGINFILE,BPNUM,BCHARGENAME) values ('b68','반갑습니다 진행입니다 ~','h124','한여진',to_date('20/09/30','RR/MM/DD'),to_date('20/09/30','RR/MM/DD'),'진행','h127,h282','진행입니당',to_date('20/09/29','RR/MM/DD'),'y','20200929100001.png','내학사erd.png','1','이창준,아이스');
Insert into HWABO.BPOST (BNO,BTITLE,BUCODE,BWRITER,BSTARTDAY,BENDDAY,BKIND,BCHARGE,BCONTENT,BENROLLDATE,BOPEN,BRENAMEFILE,BORIGINFILE,BPNUM,BCHARGENAME) values ('b69','감사합니다 피드백 요청드립니다','h124','한여진',to_date('20/10/01','RR/MM/DD'),to_date('20/10/10','RR/MM/DD'),'피드백','h22,h124,h125',null,to_date('20/09/29','RR/MM/DD'),'y','20200929100201.pdf','C자바_입사지원서 작성법_0916.pdf','1','정회원,한여진,서동재');
Insert into HWABO.BPOST (BNO,BTITLE,BUCODE,BWRITER,BSTARTDAY,BENDDAY,BKIND,BCHARGE,BCONTENT,BENROLLDATE,BOPEN,BRENAMEFILE,BORIGINFILE,BPNUM,BCHARGENAME) values ('b70','수고하셨습니다 완료입니다','h124','한여진',to_date('20/09/30','RR/MM/DD'),to_date('20/10/08','RR/MM/DD'),'완료','h126','드디어 끝났어용 ㅜ.ㅜ 감격스럽습니다 모두들 수고하셨어요 !!! 1조 짱 ㅎ.ㅎ',to_date('20/09/29','RR/MM/DD'),'y',null,null,'1','영은수');
Insert into HWABO.BPOST (BNO,BTITLE,BUCODE,BWRITER,BSTARTDAY,BENDDAY,BKIND,BCHARGE,BCONTENT,BENROLLDATE,BOPEN,BRENAMEFILE,BORIGINFILE,BPNUM,BCHARGENAME) values ('b71','아이쿠 보류입니다','h124','한여진',to_date('20/08/31','RR/MM/DD'),to_date('20/09/30','RR/MM/DD'),'보류','h126','다음 기회에',to_date('20/09/29','RR/MM/DD'),'y','20200929100330.pdf','JUNIT_예제정리.pdf','1','영은수');
Insert into HWABO.BPOST (BNO,BTITLE,BUCODE,BWRITER,BSTARTDAY,BENDDAY,BKIND,BCHARGE,BCONTENT,BENROLLDATE,BOPEN,BRENAMEFILE,BORIGINFILE,BPNUM,BCHARGENAME) values ('b72','한여진님 업무 받으세요 !','h126','영은수',to_date('20/09/29','RR/MM/DD'),to_date('20/09/29','RR/MM/DD'),'진행','h124','잘 부탁드립니다',to_date('20/09/29','RR/MM/DD'),'y',null,null,'1','한여진');
Insert into HWABO.BPOST (BNO,BTITLE,BUCODE,BWRITER,BSTARTDAY,BENDDAY,BKIND,BCHARGE,BCONTENT,BENROLLDATE,BOPEN,BRENAMEFILE,BORIGINFILE,BPNUM,BCHARGENAME) values ('b73','업무 요청 추가입니다','h126','영은수',to_date('20/10/02','RR/MM/DD'),to_date('20/10/09','RR/MM/DD'),'피드백','h124',null,to_date('20/09/29','RR/MM/DD'),'y','20200929100649.jpg','4_학생_휴복학신청및조회.jpg','1','한여진');
Insert into HWABO.BPOST (BNO,BTITLE,BUCODE,BWRITER,BSTARTDAY,BENDDAY,BKIND,BCHARGE,BCONTENT,BENROLLDATE,BOPEN,BRENAMEFILE,BORIGINFILE,BPNUM,BCHARGENAME) values ('b78','경로에 한글 안들어가게 부탁드립니다.','h130','정재구',to_date('20/09/30','RR/MM/DD'),to_date('20/09/30','RR/MM/DD'),'요청','h123','사진파일이라던지 사진파일이라던지 사진파일이라던지.....',to_date('20/09/30','RR/MM/DD'),'y',null,null,'1','김이름');
Insert into HWABO.BPOST (BNO,BTITLE,BUCODE,BWRITER,BSTARTDAY,BENDDAY,BKIND,BCHARGE,BCONTENT,BENROLLDATE,BOPEN,BRENAMEFILE,BORIGINFILE,BPNUM,BCHARGENAME) values ('b75','ㅇㅇ','h102','백규림',to_date('20/09/24','RR/MM/DD'),to_date('20/09/24','RR/MM/DD'),'완료',',h129,h130,h242,h243',null,to_date('20/09/29','RR/MM/DD'),'y',null,null,'1','윤세아,정재구,그린티,박초코');
Insert into HWABO.BPOST (BNO,BTITLE,BUCODE,BWRITER,BSTARTDAY,BENDDAY,BKIND,BCHARGE,BCONTENT,BENROLLDATE,BOPEN,BRENAMEFILE,BORIGINFILE,BPNUM,BCHARGENAME) values ('b76','요청하는  글','h124','한여진',to_date('20/09/29','RR/MM/DD'),to_date('20/09/29','RR/MM/DD'),'완료',',h22',null,to_date('20/09/29','RR/MM/DD'),'y','20200929170001.jpg','테스트사진1.jpg','1','정회원');
Insert into HWABO.BPOST (BNO,BTITLE,BUCODE,BWRITER,BSTARTDAY,BENDDAY,BKIND,BCHARGE,BCONTENT,BENROLLDATE,BOPEN,BRENAMEFILE,BORIGINFILE,BPNUM,BCHARGENAME) values ('b77','추석연휴  동안  팀원  모두  휴식  요청드립니다~','h102','백규림',to_date('20/09/30','RR/MM/DD'),to_date('20/10/04','RR/MM/DD'),'요청',',h22,h130,h242','휴식하세요',to_date('20/09/29','RR/MM/DD'),'y','20200929123116.jpg','바다  (2).jpg','1','정회원,정재구,그린티');
Insert into HWABO.BPOST (BNO,BTITLE,BUCODE,BWRITER,BSTARTDAY,BENDDAY,BKIND,BCHARGE,BCONTENT,BENROLLDATE,BOPEN,BRENAMEFILE,BORIGINFILE,BPNUM,BCHARGENAME) values ('b79','suugit 버그 수정 부탁드립니다.','h130','정재구',to_date('20/10/01','RR/MM/DD'),to_date('20/10/01','RR/MM/DD'),'피드백','h22','관리자가 아닌상태에서 프로젝트 설정창 이동시<br>
업무모아보기 페이지로 이동합니다.<br>
alert 메세지또는 사용자가 판단하기 쉽게 처리 부탁드립니다.',to_date('20/10/01','RR/MM/DD'),'y',null,null,'1','정회원');
Insert into HWABO.BPOST (BNO,BTITLE,BUCODE,BWRITER,BSTARTDAY,BENDDAY,BKIND,BCHARGE,BCONTENT,BENROLLDATE,BOPEN,BRENAMEFILE,BORIGINFILE,BPNUM,BCHARGENAME) values ('b81','ㄴㄴㄴ','h130','정재구',to_date('20/10/13','RR/MM/DD'),to_date('20/10/29','RR/MM/DD'),'완료','h130','ㄴㄴㄴㅇ',to_date('20/10/19','RR/MM/DD'),'y','20201019205758.jpg','printbeet.jpg','20600687','정재구');
REM INSERTING into HWABO.CABINET
SET DEFINE OFF;
Insert into HWABO.CABINET (UCODE,NO,ENROLLDATE,PNUM) values ('h102','b63',to_date('20/09/28','RR/MM/DD'),'1');
Insert into HWABO.CABINET (UCODE,NO,ENROLLDATE,PNUM) values ('h102','s35',to_date('20/09/26','RR/MM/DD'),'1');
Insert into HWABO.CABINET (UCODE,NO,ENROLLDATE,PNUM) values ('h130','b55',to_date('20/09/28','RR/MM/DD'),'1');
Insert into HWABO.CABINET (UCODE,NO,ENROLLDATE,PNUM) values ('h130','s50',to_date('20/09/28','RR/MM/DD'),'1');
Insert into HWABO.CABINET (UCODE,NO,ENROLLDATE,PNUM) values ('h102','b77',to_date('20/09/29','RR/MM/DD'),'1');
Insert into HWABO.CABINET (UCODE,NO,ENROLLDATE,PNUM) values ('h102','s52',to_date('20/09/29','RR/MM/DD'),'1');
Insert into HWABO.CABINET (UCODE,NO,ENROLLDATE,PNUM) values ('h102','c385',to_date('20/09/28','RR/MM/DD'),'1');
Insert into HWABO.CABINET (UCODE,NO,ENROLLDATE,PNUM) values ('h102','c383',to_date('20/09/29','RR/MM/DD'),'1');
Insert into HWABO.CABINET (UCODE,NO,ENROLLDATE,PNUM) values ('h102','b79',to_date('20/10/02','RR/MM/DD'),'1');
Insert into HWABO.CABINET (UCODE,NO,ENROLLDATE,PNUM) values ('h102','s23',to_date('20/09/29','RR/MM/DD'),'1');
Insert into HWABO.CABINET (UCODE,NO,ENROLLDATE,PNUM) values ('h102','b44',to_date('20/09/29','RR/MM/DD'),'1');
Insert into HWABO.CABINET (UCODE,NO,ENROLLDATE,PNUM) values ('h102','b74',to_date('20/09/29','RR/MM/DD'),'1');
Insert into HWABO.CABINET (UCODE,NO,ENROLLDATE,PNUM) values ('h102','c422',to_date('20/09/29','RR/MM/DD'),'1');
Insert into HWABO.CABINET (UCODE,NO,ENROLLDATE,PNUM) values ('h102','c421',to_date('20/09/29','RR/MM/DD'),'1');
Insert into HWABO.CABINET (UCODE,NO,ENROLLDATE,PNUM) values ('h102','b71',to_date('20/09/29','RR/MM/DD'),'1');
Insert into HWABO.CABINET (UCODE,NO,ENROLLDATE,PNUM) values ('h22','b80',to_date('20/10/02','RR/MM/DD'),'1');
Insert into HWABO.CABINET (UCODE,NO,ENROLLDATE,PNUM) values ('h22','s56',to_date('20/10/02','RR/MM/DD'),'1');
Insert into HWABO.CABINET (UCODE,NO,ENROLLDATE,PNUM) values ('h22','s55',to_date('20/10/02','RR/MM/DD'),'1');
Insert into HWABO.CABINET (UCODE,NO,ENROLLDATE,PNUM) values ('h102','c307',to_date('20/09/26','RR/MM/DD'),'1');
Insert into HWABO.CABINET (UCODE,NO,ENROLLDATE,PNUM) values ('h102','c324',to_date('20/09/26','RR/MM/DD'),'1');
Insert into HWABO.CABINET (UCODE,NO,ENROLLDATE,PNUM) values ('h22','b78',to_date('20/10/02','RR/MM/DD'),'1');
Insert into HWABO.CABINET (UCODE,NO,ENROLLDATE,PNUM) values ('h22','b77',to_date('20/10/11','RR/MM/DD'),'1');
Insert into HWABO.CABINET (UCODE,NO,ENROLLDATE,PNUM) values ('h22','s54',to_date('20/10/02','RR/MM/DD'),'1');
Insert into HWABO.CABINET (UCODE,NO,ENROLLDATE,PNUM) values ('h22','s53',to_date('20/10/02','RR/MM/DD'),'1');
Insert into HWABO.CABINET (UCODE,NO,ENROLLDATE,PNUM) values ('h22','c422',to_date('20/10/02','RR/MM/DD'),'1');
Insert into HWABO.CABINET (UCODE,NO,ENROLLDATE,PNUM) values ('h22','b79',to_date('20/10/11','RR/MM/DD'),'1');
REM INSERTING into HWABO.CALENDAR
SET DEFINE OFF;
Insert into HWABO.CALENDAR (CALNO,PNUM,UCODE,UNAME,ENROLLDATE,TITLE,START_DATE,END_DATE,ALLDAY) values ('s34','1','h102','백규림',to_date('20/09/26','RR/MM/DD'),'ㅇㅇ>beetCheckSystems34','2020-09-26','2020-09-26','y');
Insert into HWABO.CALENDAR (CALNO,PNUM,UCODE,UNAME,ENROLLDATE,TITLE,START_DATE,END_DATE,ALLDAY) values ('s37','1','h102','백규림',to_date('20/09/26','RR/MM/DD'),'수정beetCheckSystems37','2020-09-26','2020-09-26','y');
Insert into HWABO.CALENDAR (CALNO,PNUM,UCODE,UNAME,ENROLLDATE,TITLE,START_DATE,END_DATE,ALLDAY) values ('s53','1','h130','정재구',to_date('20/09/29','RR/MM/DD'),'마감일 지키기beetCheckSystems53','2020-09-17','2020-09-19','y');
Insert into HWABO.CALENDAR (CALNO,PNUM,UCODE,UNAME,ENROLLDATE,TITLE,START_DATE,END_DATE,ALLDAY) values ('s19','1','h124','한여진',to_date('20/09/21','RR/MM/DD'),'asdbeetCheckSystems19','2020-09-21','2020-09-21','y');
Insert into HWABO.CALENDAR (CALNO,PNUM,UCODE,UNAME,ENROLLDATE,TITLE,START_DATE,END_DATE,ALLDAY) values ('s54','1','h124','한여진',to_date('20/09/29','RR/MM/DD'),'aaaabeetCheckSystems54','2020-09-29','2020-09-29','y');
Insert into HWABO.CALENDAR (CALNO,PNUM,UCODE,UNAME,ENROLLDATE,TITLE,START_DATE,END_DATE,ALLDAY) values ('s24','1','h123','김회원',to_date('20/09/23','RR/MM/DD'),'sbeetCheckSystems24','2020-09-23','2020-09-23','y');
Insert into HWABO.CALENDAR (CALNO,PNUM,UCODE,UNAME,ENROLLDATE,TITLE,START_DATE,END_DATE,ALLDAY) values ('s61','2','h130','정재구',to_date('20/10/14','RR/MM/DD'),'산업기사 시험 연기beetCheckSystems61','2020-10-19','2020-10-19','y');
Insert into HWABO.CALENDAR (CALNO,PNUM,UCODE,UNAME,ENROLLDATE,TITLE,START_DATE,END_DATE,ALLDAY) values ('s26','1','h123','김회원',to_date('20/09/25','RR/MM/DD'),'dbeetCheckSystems26','2020-09-25','2020-09-25','y');
Insert into HWABO.CALENDAR (CALNO,PNUM,UCODE,UNAME,ENROLLDATE,TITLE,START_DATE,END_DATE,ALLDAY) values ('s29','1','h123','김회원',to_date('20/09/25','RR/MM/DD'),'333beetCheckSystems29','2020-09-25','2020-10-01','y');
Insert into HWABO.CALENDAR (CALNO,PNUM,UCODE,UNAME,ENROLLDATE,TITLE,START_DATE,END_DATE,ALLDAY) values ('s42','1','h123','김회원',to_date('20/09/27','RR/MM/DD'),'ㄴbeetCheckSystems42','2020-09-27','2020-10-01','y');
Insert into HWABO.CALENDAR (CALNO,PNUM,UCODE,UNAME,ENROLLDATE,TITLE,START_DATE,END_DATE,ALLDAY) values ('s41','1','h123','김회원',to_date('20/09/27','RR/MM/DD'),'된다구 ?beetCheckSystems41','2020-09-27','2020-10-09','y');
Insert into HWABO.CALENDAR (CALNO,PNUM,UCODE,UNAME,ENROLLDATE,TITLE,START_DATE,END_DATE,ALLDAY) values ('s43','1','h123','김회원',to_date('20/09/27','RR/MM/DD'),'ㅇbeetCheckSystems43','2020-09-27','2020-09-14','y');
Insert into HWABO.CALENDAR (CALNO,PNUM,UCODE,UNAME,ENROLLDATE,TITLE,START_DATE,END_DATE,ALLDAY) values ('s46','1','h123','김회원',to_date('20/09/28','RR/MM/DD'),'ㅇㄹbeetCheckSystems46','2020-09-28','2020-09-28','y');
Insert into HWABO.CALENDAR (CALNO,PNUM,UCODE,UNAME,ENROLLDATE,TITLE,START_DATE,END_DATE,ALLDAY) values ('s45','1','h126','영은수',to_date('20/09/28','RR/MM/DD'),'ㄹbeetCheckSystems45','2020-09-28','2020-09-28','y');
Insert into HWABO.CALENDAR (CALNO,PNUM,UCODE,UNAME,ENROLLDATE,TITLE,START_DATE,END_DATE,ALLDAY) values ('s62','2','h130','정재구',to_date('20/10/14','RR/MM/DD'),'한글날 연휴beetCheckSystems62','2020-10-09','2020-10-11','y');
Insert into HWABO.CALENDAR (CALNO,PNUM,UCODE,UNAME,ENROLLDATE,TITLE,START_DATE,END_DATE,ALLDAY) values ('s58','1','h130','정재구',to_date('20/10/10','RR/MM/DD'),'종강beetCheckSystems58','2020-10-16','2020-10-17','y');
Insert into HWABO.CALENDAR (CALNO,PNUM,UCODE,UNAME,ENROLLDATE,TITLE,START_DATE,END_DATE,ALLDAY) values ('s52','1','h124','한여진',to_date('20/09/29','RR/MM/DD'),'일정글입니다 사랑beetCheckSystems52','2020-09-29','2020-09-29','y');
Insert into HWABO.CALENDAR (CALNO,PNUM,UCODE,UNAME,ENROLLDATE,TITLE,START_DATE,END_DATE,ALLDAY) values ('s63','2','h130','정재구',to_date('20/10/14','RR/MM/DD'),'추석연휴beetCheckSystems63','2020-09-30','2020-10-04','y');
Insert into HWABO.CALENDAR (CALNO,PNUM,UCODE,UNAME,ENROLLDATE,TITLE,START_DATE,END_DATE,ALLDAY) values ('s51','1','h123','김회원',to_date('20/09/28','RR/MM/DD'),'assssdaㄴㅇㄹㄴㅇㄹㄹㄴㅇbeetCheckSystems51','2020-09-28','2020-09-28','y');
Insert into HWABO.CALENDAR (CALNO,PNUM,UCODE,UNAME,ENROLLDATE,TITLE,START_DATE,END_DATE,ALLDAY) values ('s21','51381715','h130','정재구',to_date('20/09/22','RR/MM/DD'),'가로수길&nbsp;애플&nbsp;스토어는&nbsp;어디에&nbsp;있을까beetCheckSystems21','2020-09-22','2020-09-22','y');
Insert into HWABO.CALENDAR (CALNO,PNUM,UCODE,UNAME,ENROLLDATE,TITLE,START_DATE,END_DATE,ALLDAY) values ('s55','1','h124','한여진',to_date('20/09/29','RR/MM/DD'),'aabeetCheckSystems55','2020-09-29','2020-10-02','y');
Insert into HWABO.CALENDAR (CALNO,PNUM,UCODE,UNAME,ENROLLDATE,TITLE,START_DATE,END_DATE,ALLDAY) values ('s56','1','h124','한여진',to_date('20/10/01','RR/MM/DD'),'일정&nbsp;공유합니다beetCheckSystems56','2020-10-01','2020-10-10','y');
Insert into HWABO.CALENDAR (CALNO,PNUM,UCODE,UNAME,ENROLLDATE,TITLE,START_DATE,END_DATE,ALLDAY) values ('s57','1','h124','한여진',to_date('20/10/01','RR/MM/DD'),'일정게시글입니다beetCheckSystems57','2020-10-02','2020-10-15','y');
Insert into HWABO.CALENDAR (CALNO,PNUM,UCODE,UNAME,ENROLLDATE,TITLE,START_DATE,END_DATE,ALLDAY) values ('s64','2','h130','정재구',to_date('20/10/14','RR/MM/DD'),'국군의 날beetCheckSystems64','2020-10-01','2020-10-01','y');
Insert into HWABO.CALENDAR (CALNO,PNUM,UCODE,UNAME,ENROLLDATE,TITLE,START_DATE,END_DATE,ALLDAY) values ('s47','1','h126','영은수',to_date('20/09/28','RR/MM/DD'),'asdbeetCheckSystems47','2020-09-28','2020-09-28','y');
Insert into HWABO.CALENDAR (CALNO,PNUM,UCODE,UNAME,ENROLLDATE,TITLE,START_DATE,END_DATE,ALLDAY) values ('s65','2','h130','정재구',to_date('20/10/14','RR/MM/DD'),'노인의 날beetCheckSystems65','2020-10-02','2020-10-02','y');
Insert into HWABO.CALENDAR (CALNO,PNUM,UCODE,UNAME,ENROLLDATE,TITLE,START_DATE,END_DATE,ALLDAY) values ('s25','1','h102','백규림',to_date('20/09/23','RR/MM/DD'),'qorrbfbeetCheckSystems25','2020-09-23','2020-09-23','y');
Insert into HWABO.CALENDAR (CALNO,PNUM,UCODE,UNAME,ENROLLDATE,TITLE,START_DATE,END_DATE,ALLDAY) values ('s27','1','h102','백규림',to_date('20/09/25','RR/MM/DD'),'규림쓰&nbsp;테스트&nbsp;한번만할게요beetCheckSystems27','2020-09-25','2020-09-25','y');
Insert into HWABO.CALENDAR (CALNO,PNUM,UCODE,UNAME,ENROLLDATE,TITLE,START_DATE,END_DATE,ALLDAY) values ('s17','1','h124','한여진',to_date('20/09/21','RR/MM/DD'),'asdbeetCheckSystems17','2020-09-21','2020-09-21','y');
Insert into HWABO.CALENDAR (CALNO,PNUM,UCODE,UNAME,ENROLLDATE,TITLE,START_DATE,END_DATE,ALLDAY) values ('s90','20600687','h130','정재구',to_date('20/10/19','RR/MM/DD'),'ㅁㅁbeetCheckSystems90','2020-10-19','2020-10-19','y');
Insert into HWABO.CALENDAR (CALNO,PNUM,UCODE,UNAME,ENROLLDATE,TITLE,START_DATE,END_DATE,ALLDAY) values ('s60','2','h130','정재구',to_date('20/10/14','RR/MM/DD'),'종강beetCheckSystems60','2020-10-16','2020-10-16','y');
Insert into HWABO.CALENDAR (CALNO,PNUM,UCODE,UNAME,ENROLLDATE,TITLE,START_DATE,END_DATE,ALLDAY) values ('s67','2','h130','정재구',to_date('20/10/14','RR/MM/DD'),'세계 한인의 날beetCheckSystems67','2020-10-05','2020-10-05','y');
Insert into HWABO.CALENDAR (CALNO,PNUM,UCODE,UNAME,ENROLLDATE,TITLE,START_DATE,END_DATE,ALLDAY) values ('s68','2','h130','정재구',to_date('20/10/14','RR/MM/DD'),'한로beetCheckSystems68','2020-10-08','2020-10-08','y');
Insert into HWABO.CALENDAR (CALNO,PNUM,UCODE,UNAME,ENROLLDATE,TITLE,START_DATE,END_DATE,ALLDAY) values ('s69','2','h130','정재구',to_date('20/10/14','RR/MM/DD'),'재향 군인의 날beetCheckSystems69','2020-10-08','2020-10-08','y');
Insert into HWABO.CALENDAR (CALNO,PNUM,UCODE,UNAME,ENROLLDATE,TITLE,START_DATE,END_DATE,ALLDAY) values ('s70','2','h130','정재구',to_date('20/10/14','RR/MM/DD'),'임산부의 날beetCheckSystems70','2020-10-10','2020-10-10','y');
Insert into HWABO.CALENDAR (CALNO,PNUM,UCODE,UNAME,ENROLLDATE,TITLE,START_DATE,END_DATE,ALLDAY) values ('s71','2','h130','정재구',to_date('20/10/14','RR/MM/DD'),'체육의 날beetCheckSystems71','2020-10-15','2020-10-15','y');
Insert into HWABO.CALENDAR (CALNO,PNUM,UCODE,UNAME,ENROLLDATE,TITLE,START_DATE,END_DATE,ALLDAY) values ('s72','2','h130','정재구',to_date('20/10/14','RR/MM/DD'),'부마민주항쟁beetCheckSystems72','2020-10-16','2020-10-16','y');
Insert into HWABO.CALENDAR (CALNO,PNUM,UCODE,UNAME,ENROLLDATE,TITLE,START_DATE,END_DATE,ALLDAY) values ('s73','2','h130','정재구',to_date('20/10/14','RR/MM/DD'),'문화의 날beetCheckSystems73','2020-10-17','2020-10-17','y');
Insert into HWABO.CALENDAR (CALNO,PNUM,UCODE,UNAME,ENROLLDATE,TITLE,START_DATE,END_DATE,ALLDAY) values ('s74','2','h130','정재구',to_date('20/10/14','RR/MM/DD'),'상강beetCheckSystems74','2020-10-23','2020-10-23','y');
Insert into HWABO.CALENDAR (CALNO,PNUM,UCODE,UNAME,ENROLLDATE,TITLE,START_DATE,END_DATE,ALLDAY) values ('s75','2','h130','정재구',to_date('20/10/14','RR/MM/DD'),'경찰의 날beetCheckSystems75','2020-10-21','2020-10-21','y');
Insert into HWABO.CALENDAR (CALNO,PNUM,UCODE,UNAME,ENROLLDATE,TITLE,START_DATE,END_DATE,ALLDAY) values ('s76','2','h130','정재구',to_date('20/10/14','RR/MM/DD'),'국제연합일beetCheckSystems76','2020-10-24','2020-10-24','y');
Insert into HWABO.CALENDAR (CALNO,PNUM,UCODE,UNAME,ENROLLDATE,TITLE,START_DATE,END_DATE,ALLDAY) values ('s77','2','h130','정재구',to_date('20/10/14','RR/MM/DD'),'독도의날beetCheckSystems77','2020-10-25','2020-10-25','y');
Insert into HWABO.CALENDAR (CALNO,PNUM,UCODE,UNAME,ENROLLDATE,TITLE,START_DATE,END_DATE,ALLDAY) values ('s78','2','h130','정재구',to_date('20/10/14','RR/MM/DD'),'중양절beetCheckSystems78','2020-10-25','2020-10-25','y');
Insert into HWABO.CALENDAR (CALNO,PNUM,UCODE,UNAME,ENROLLDATE,TITLE,START_DATE,END_DATE,ALLDAY) values ('s79','2','h130','정재구',to_date('20/10/14','RR/MM/DD'),'금융의 날beetCheckSystems79','2020-10-27','2020-10-27','y');
Insert into HWABO.CALENDAR (CALNO,PNUM,UCODE,UNAME,ENROLLDATE,TITLE,START_DATE,END_DATE,ALLDAY) values ('s80','2','h130','정재구',to_date('20/10/14','RR/MM/DD'),'교정의 날beetCheckSystems80','2020-10-28','2020-10-28','y');
Insert into HWABO.CALENDAR (CALNO,PNUM,UCODE,UNAME,ENROLLDATE,TITLE,START_DATE,END_DATE,ALLDAY) values ('s81','2','h130','정재구',to_date('20/10/14','RR/MM/DD'),'지방자치의 날beetCheckSystems81','2020-10-29','2020-10-29','y');
Insert into HWABO.CALENDAR (CALNO,PNUM,UCODE,UNAME,ENROLLDATE,TITLE,START_DATE,END_DATE,ALLDAY) values ('s82','2','h130','정재구',to_date('20/10/14','RR/MM/DD'),'애플리케이션 배포beetCheckSystems82','2020-10-12','2020-10-12','y');
Insert into HWABO.CALENDAR (CALNO,PNUM,UCODE,UNAME,ENROLLDATE,TITLE,START_DATE,END_DATE,ALLDAY) values ('s83','2','h130','정재구',to_date('20/10/14','RR/MM/DD'),'문제해결능력 테스트beetCheckSystems83','2020-10-14','2020-10-14','y');
Insert into HWABO.CALENDAR (CALNO,PNUM,UCODE,UNAME,ENROLLDATE,TITLE,START_DATE,END_DATE,ALLDAY) values ('s84','2','h130','정재구',to_date('20/10/14','RR/MM/DD'),'정보능력 테스트beetCheckSystems84','2020-10-15','2020-10-15','y');
Insert into HWABO.CALENDAR (CALNO,PNUM,UCODE,UNAME,ENROLLDATE,TITLE,START_DATE,END_DATE,ALLDAY) values ('s85','2','h130','정재구',to_date('20/10/14','RR/MM/DD'),'AbeetCheckSystems85','2020-10-14','2020-10-14','y');
Insert into HWABO.CALENDAR (CALNO,PNUM,UCODE,UNAME,ENROLLDATE,TITLE,START_DATE,END_DATE,ALLDAY) values ('s86','2','h130','정재구',to_date('20/10/14','RR/MM/DD'),'PbeetCheckSystems86','2020-10-14','2020-10-14','y');
Insert into HWABO.CALENDAR (CALNO,PNUM,UCODE,UNAME,ENROLLDATE,TITLE,START_DATE,END_DATE,ALLDAY) values ('s87','2','h130','정재구',to_date('20/10/14','RR/MM/DD'),'PbeetCheckSystems87','2020-10-14','2020-10-14','y');
Insert into HWABO.CALENDAR (CALNO,PNUM,UCODE,UNAME,ENROLLDATE,TITLE,START_DATE,END_DATE,ALLDAY) values ('s88','2','h130','정재구',to_date('20/10/14','RR/MM/DD'),'LbeetCheckSystems88','2020-10-14','2020-10-14','y');
Insert into HWABO.CALENDAR (CALNO,PNUM,UCODE,UNAME,ENROLLDATE,TITLE,START_DATE,END_DATE,ALLDAY) values ('s89','2','h130','정재구',to_date('20/10/14','RR/MM/DD'),'EbeetCheckSystems89','2020-10-14','2020-10-14','y');
Insert into HWABO.CALENDAR (CALNO,PNUM,UCODE,UNAME,ENROLLDATE,TITLE,START_DATE,END_DATE,ALLDAY) values ('s23','1','h123','김회원',to_date('20/09/22','RR/MM/DD'),'cvbeetCheckSystems23','2020-09-22','2020-09-29','y');
Insert into HWABO.CALENDAR (CALNO,PNUM,UCODE,UNAME,ENROLLDATE,TITLE,START_DATE,END_DATE,ALLDAY) values ('s18','1','h124','한여진',to_date('20/09/21','RR/MM/DD'),'asdbeetCheckSystems18','2020-09-21','2020-09-21','y');
Insert into HWABO.CALENDAR (CALNO,PNUM,UCODE,UNAME,ENROLLDATE,TITLE,START_DATE,END_DATE,ALLDAY) values ('s66','2','h130','정재구',to_date('20/10/14','RR/MM/DD'),'개천절beetCheckSystems66','2020-10-03','2020-10-03','y');
Insert into HWABO.CALENDAR (CALNO,PNUM,UCODE,UNAME,ENROLLDATE,TITLE,START_DATE,END_DATE,ALLDAY) values ('s20','51381715','h130','정재구',to_date('20/09/22','RR/MM/DD'),'메인페이지&nbsp;연결중이다beetCheckSystems20','2020-09-22','2020-09-22','y');
Insert into HWABO.CALENDAR (CALNO,PNUM,UCODE,UNAME,ENROLLDATE,TITLE,START_DATE,END_DATE,ALLDAY) values ('s59','1','h130','정재구',to_date('20/10/12','RR/MM/DD'),'파란공3beetCheckSystems59','2020-10-12','2020-10-22','y');
REM INSERTING into HWABO.CHAT
SET DEFINE OFF;
REM INSERTING into HWABO.CHATTING
SET DEFINE OFF;
Insert into HWABO.CHATTING (UCODE,PROJECT_NUM,PROJECT_NAME,UNAME,CONTENT,CHAT_TIME,ORIGNAL_FILE,RENAME_FILE) values ('h22','1','test1','정회원',null,to_timestamp('20/09/28 15:49:38.583690000','RR/MM/DD HH24:MI:SSXFF'),null,null);
Insert into HWABO.CHATTING (UCODE,PROJECT_NUM,PROJECT_NAME,UNAME,CONTENT,CHAT_TIME,ORIGNAL_FILE,RENAME_FILE) values ('h22','1','test1','정회원',null,to_timestamp('20/09/28 15:49:39.894639000','RR/MM/DD HH24:MI:SSXFF'),null,null);
Insert into HWABO.CHATTING (UCODE,PROJECT_NUM,PROJECT_NAME,UNAME,CONTENT,CHAT_TIME,ORIGNAL_FILE,RENAME_FILE) values ('h102','1','test1','백규림','하이',to_timestamp('20/09/28 15:52:57.645009000','RR/MM/DD HH24:MI:SSXFF'),null,null);
Insert into HWABO.CHATTING (UCODE,PROJECT_NUM,PROJECT_NAME,UNAME,CONTENT,CHAT_TIME,ORIGNAL_FILE,RENAME_FILE) values ('h22','1','test1','정회원','kasgdldflksdfselfjlsdfjlksdfjieriofweiofeiofjiwoefjiosfjiojflksdjflksdjlksdjflksdjlfds',to_timestamp('20/09/28 15:54:19.861439000','RR/MM/DD HH24:MI:SSXFF'),null,null);
Insert into HWABO.CHATTING (UCODE,PROJECT_NUM,PROJECT_NAME,UNAME,CONTENT,CHAT_TIME,ORIGNAL_FILE,RENAME_FILE) values ('h102','1','test1','백규림','실시간 채팅',to_timestamp('20/09/28 10:49:24.854432000','RR/MM/DD HH24:MI:SSXFF'),null,null);
Insert into HWABO.CHATTING (UCODE,PROJECT_NUM,PROJECT_NAME,UNAME,CONTENT,CHAT_TIME,ORIGNAL_FILE,RENAME_FILE) values ('h22','1','test1','정회원',null,to_timestamp('20/09/28 15:49:24.559017000','RR/MM/DD HH24:MI:SSXFF'),null,null);
Insert into HWABO.CHATTING (UCODE,PROJECT_NUM,PROJECT_NAME,UNAME,CONTENT,CHAT_TIME,ORIGNAL_FILE,RENAME_FILE) values ('h22','1','test1','정회원','ㅇㄴㅁㅇ',to_timestamp('20/09/28 15:59:17.275645000','RR/MM/DD HH24:MI:SSXFF'),null,null);
Insert into HWABO.CHATTING (UCODE,PROJECT_NUM,PROJECT_NAME,UNAME,CONTENT,CHAT_TIME,ORIGNAL_FILE,RENAME_FILE) values ('h22','1','test1','정회원','ㅇㄴㅁㅇㄴㅁㅇㄴㅁㅇㄴㅁㅇㄴㅁㅇㄴㅁㅇㄴㅁㅇㄴㅁㅇㄴㅁㅇㄴㅁ',to_timestamp('20/09/28 15:59:29.947411000','RR/MM/DD HH24:MI:SSXFF'),null,null);
Insert into HWABO.CHATTING (UCODE,PROJECT_NUM,PROJECT_NAME,UNAME,CONTENT,CHAT_TIME,ORIGNAL_FILE,RENAME_FILE) values ('h22','1','test1','정회원','ㅇㄴㅁㅇㄴㅁㅇㄴㅁㅇㄴㅁㅇㄴㅁㅇㄴㅁㅇㄴㅁㅇㄴㅁㅇ',to_timestamp('20/09/28 15:59:33.587560000','RR/MM/DD HH24:MI:SSXFF'),null,null);
Insert into HWABO.CHATTING (UCODE,PROJECT_NUM,PROJECT_NAME,UNAME,CONTENT,CHAT_TIME,ORIGNAL_FILE,RENAME_FILE) values ('h123','1','test1','김회원','ㄹㄷㄹㄷㅈㄹㄷㅈㄹㄷㅈㄹㄷㅈㄹㄷㅈㄹㄷㅈ',to_timestamp('20/09/28 16:10:09.970336000','RR/MM/DD HH24:MI:SSXFF'),null,null);
Insert into HWABO.CHATTING (UCODE,PROJECT_NUM,PROJECT_NAME,UNAME,CONTENT,CHAT_TIME,ORIGNAL_FILE,RENAME_FILE) values ('h123','1','test1','김회원','ㄹㄷㅈㄹㅈ',to_timestamp('20/09/28 16:10:13.112838000','RR/MM/DD HH24:MI:SSXFF'),null,null);
Insert into HWABO.CHATTING (UCODE,PROJECT_NUM,PROJECT_NAME,UNAME,CONTENT,CHAT_TIME,ORIGNAL_FILE,RENAME_FILE) values ('h130','1','test1','정재구','adasdad',to_timestamp('20/09/28 16:10:53.189610000','RR/MM/DD HH24:MI:SSXFF'),null,null);
Insert into HWABO.CHATTING (UCODE,PROJECT_NUM,PROJECT_NAME,UNAME,CONTENT,CHAT_TIME,ORIGNAL_FILE,RENAME_FILE) values ('h130','1','test1','정재구','adadasd',to_timestamp('20/09/28 16:10:54.017332000','RR/MM/DD HH24:MI:SSXFF'),null,null);
Insert into HWABO.CHATTING (UCODE,PROJECT_NUM,PROJECT_NAME,UNAME,CONTENT,CHAT_TIME,ORIGNAL_FILE,RENAME_FILE) values ('h102','1','test1','백규림','화이팅',to_timestamp('20/09/28 21:44:16.347916000','RR/MM/DD HH24:MI:SSXFF'),null,null);
Insert into HWABO.CHATTING (UCODE,PROJECT_NUM,PROJECT_NAME,UNAME,CONTENT,CHAT_TIME,ORIGNAL_FILE,RENAME_FILE) values ('h130','1','test1','정재구','xczxc',to_timestamp('20/09/28 17:54:02.141425000','RR/MM/DD HH24:MI:SSXFF'),null,null);
Insert into HWABO.CHATTING (UCODE,PROJECT_NUM,PROJECT_NAME,UNAME,CONTENT,CHAT_TIME,ORIGNAL_FILE,RENAME_FILE) values ('h123','1','test1','김회원','비트야이제그만',to_timestamp('20/09/29 09:03:53.284071000','RR/MM/DD HH24:MI:SSXFF'),null,null);
Insert into HWABO.CHATTING (UCODE,PROJECT_NUM,PROJECT_NAME,UNAME,CONTENT,CHAT_TIME,ORIGNAL_FILE,RENAME_FILE) values ('h130','1','test1','정재구','카카오뱅크 솔루션팀 금일까지 업무보고 부탁드립니다.',to_timestamp('20/09/28 23:27:49.999352000','RR/MM/DD HH24:MI:SSXFF'),null,null);
Insert into HWABO.CHATTING (UCODE,PROJECT_NUM,PROJECT_NAME,UNAME,CONTENT,CHAT_TIME,ORIGNAL_FILE,RENAME_FILE) values ('h102','1','test1','백규림','전 잘 되네요 다',to_timestamp('20/09/29 14:58:01.204308000','RR/MM/DD HH24:MI:SSXFF'),null,null);
Insert into HWABO.CHATTING (UCODE,PROJECT_NUM,PROJECT_NAME,UNAME,CONTENT,CHAT_TIME,ORIGNAL_FILE,RENAME_FILE) values ('h123','1','프로젝트1','김이름','안녕하세요^^',to_timestamp('20/09/29 16:46:28.189299000','RR/MM/DD HH24:MI:SSXFF'),null,null);
Insert into HWABO.CHATTING (UCODE,PROJECT_NUM,PROJECT_NAME,UNAME,CONTENT,CHAT_TIME,ORIGNAL_FILE,RENAME_FILE) values ('h124','1','test1','한여진','비트야이제그만',to_timestamp('20/09/29 09:50:05.521797000','RR/MM/DD HH24:MI:SSXFF'),null,null);
Insert into HWABO.CHATTING (UCODE,PROJECT_NUM,PROJECT_NAME,UNAME,CONTENT,CHAT_TIME,ORIGNAL_FILE,RENAME_FILE) values ('h123','1','프로젝트1','김이름','반가워요^^',to_timestamp('20/09/29 16:46:32.238787000','RR/MM/DD HH24:MI:SSXFF'),null,null);
Insert into HWABO.CHATTING (UCODE,PROJECT_NUM,PROJECT_NAME,UNAME,CONTENT,CHAT_TIME,ORIGNAL_FILE,RENAME_FILE) values ('h123','1','프로젝트1','김이름','안녕하세요~~',to_timestamp('20/09/29 16:46:35.159314000','RR/MM/DD HH24:MI:SSXFF'),null,null);
Insert into HWABO.CHATTING (UCODE,PROJECT_NUM,PROJECT_NAME,UNAME,CONTENT,CHAT_TIME,ORIGNAL_FILE,RENAME_FILE) values ('h123','1','프로젝트1','김이름','네 감사합니다',to_timestamp('20/09/29 16:46:39.520798000','RR/MM/DD HH24:MI:SSXFF'),null,null);
Insert into HWABO.CHATTING (UCODE,PROJECT_NUM,PROJECT_NAME,UNAME,CONTENT,CHAT_TIME,ORIGNAL_FILE,RENAME_FILE) values ('h124','1','프로젝트1','한여진','안녕하세요',to_timestamp('20/09/29 16:46:56.735282000','RR/MM/DD HH24:MI:SSXFF'),null,null);
Insert into HWABO.CHATTING (UCODE,PROJECT_NUM,PROJECT_NAME,UNAME,CONTENT,CHAT_TIME,ORIGNAL_FILE,RENAME_FILE) values ('h124','1','프로젝트1','한여진','ㅎㅎ',to_timestamp('20/09/29 16:47:12.065984000','RR/MM/DD HH24:MI:SSXFF'),null,null);
Insert into HWABO.CHATTING (UCODE,PROJECT_NUM,PROJECT_NAME,UNAME,CONTENT,CHAT_TIME,ORIGNAL_FILE,RENAME_FILE) values ('h130','1','프로젝트1','정재구','네감사합니다.',to_timestamp('20/09/29 16:47:12.921689000','RR/MM/DD HH24:MI:SSXFF'),null,null);
Insert into HWABO.CHATTING (UCODE,PROJECT_NUM,PROJECT_NAME,UNAME,CONTENT,CHAT_TIME,ORIGNAL_FILE,RENAME_FILE) values ('h124','1','프로젝트1','한여진','ㅎㅎ',to_timestamp('20/09/29 16:47:14.527857000','RR/MM/DD HH24:MI:SSXFF'),null,null);
Insert into HWABO.CHATTING (UCODE,PROJECT_NUM,PROJECT_NAME,UNAME,CONTENT,CHAT_TIME,ORIGNAL_FILE,RENAME_FILE) values ('h124','1','프로젝트1','한여진','ㅎㅎㅎㅎ',to_timestamp('20/09/29 16:47:16.439948000','RR/MM/DD HH24:MI:SSXFF'),null,null);
Insert into HWABO.CHATTING (UCODE,PROJECT_NUM,PROJECT_NAME,UNAME,CONTENT,CHAT_TIME,ORIGNAL_FILE,RENAME_FILE) values ('h124','1','프로젝트1','한여진','저도 채팅중입니다',to_timestamp('20/09/29 16:47:21.970119000','RR/MM/DD HH24:MI:SSXFF'),null,null);
Insert into HWABO.CHATTING (UCODE,PROJECT_NUM,PROJECT_NAME,UNAME,CONTENT,CHAT_TIME,ORIGNAL_FILE,RENAME_FILE) values ('h124','1','프로젝트1','한여진','와',to_timestamp('20/09/29 16:47:25.825170000','RR/MM/DD HH24:MI:SSXFF'),null,null);
Insert into HWABO.CHATTING (UCODE,PROJECT_NUM,PROJECT_NAME,UNAME,CONTENT,CHAT_TIME,ORIGNAL_FILE,RENAME_FILE) values ('h102','1','프로젝트1','백규림','음',to_timestamp('20/09/29 17:12:40.074018000','RR/MM/DD HH24:MI:SSXFF'),null,null);
Insert into HWABO.CHATTING (UCODE,PROJECT_NUM,PROJECT_NAME,UNAME,CONTENT,CHAT_TIME,ORIGNAL_FILE,RENAME_FILE) values ('h123','1','프로젝트1','김이름','비트야 그만하라고 1!!',to_timestamp('20/09/29 17:15:31.943426000','RR/MM/DD HH24:MI:SSXFF'),null,null);
Insert into HWABO.CHATTING (UCODE,PROJECT_NUM,PROJECT_NAME,UNAME,CONTENT,CHAT_TIME,ORIGNAL_FILE,RENAME_FILE) values ('h102','1','프로젝트1','백규림','ㅋㅋㅋ',to_timestamp('20/09/29 17:38:05.318345000','RR/MM/DD HH24:MI:SSXFF'),null,null);
Insert into HWABO.CHATTING (UCODE,PROJECT_NUM,PROJECT_NAME,UNAME,CONTENT,CHAT_TIME,ORIGNAL_FILE,RENAME_FILE) values ('h124','1','프로젝트1','한여진','즐거운 추석입니다',to_timestamp('20/10/01 00:43:48.778650000','RR/MM/DD HH24:MI:SSXFF'),null,null);
Insert into HWABO.CHATTING (UCODE,PROJECT_NUM,PROJECT_NAME,UNAME,CONTENT,CHAT_TIME,ORIGNAL_FILE,RENAME_FILE) values ('h22','1','프로젝트1','정회원','행복한 한가위 되세욥',to_timestamp('20/10/01 11:09:53.336064000','RR/MM/DD HH24:MI:SSXFF'),null,null);
Insert into HWABO.CHATTING (UCODE,PROJECT_NUM,PROJECT_NAME,UNAME,CONTENT,CHAT_TIME,ORIGNAL_FILE,RENAME_FILE) values ('h130','1','프로젝트1','정재구','즐거운 명절되세요!',to_timestamp('20/10/01 22:25:27.923758000','RR/MM/DD HH24:MI:SSXFF'),null,null);
Insert into HWABO.CHATTING (UCODE,PROJECT_NUM,PROJECT_NAME,UNAME,CONTENT,CHAT_TIME,ORIGNAL_FILE,RENAME_FILE) values ('h22','1','프로젝트1','정회원','hi',to_timestamp('20/10/02 01:32:17.136863000','RR/MM/DD HH24:MI:SSXFF'),null,null);
Insert into HWABO.CHATTING (UCODE,PROJECT_NUM,PROJECT_NAME,UNAME,CONTENT,CHAT_TIME,ORIGNAL_FILE,RENAME_FILE) values ('h22','1','프로젝트1','정회원','aniong',to_timestamp('20/10/02 01:32:26.339987000','RR/MM/DD HH24:MI:SSXFF'),null,null);
Insert into HWABO.CHATTING (UCODE,PROJECT_NUM,PROJECT_NAME,UNAME,CONTENT,CHAT_TIME,ORIGNAL_FILE,RENAME_FILE) values ('h22','1','프로젝트1','정회원','aniong aseo',to_timestamp('20/10/02 01:32:37.876706000','RR/MM/DD HH24:MI:SSXFF'),null,null);
Insert into HWABO.CHATTING (UCODE,PROJECT_NUM,PROJECT_NAME,UNAME,CONTENT,CHAT_TIME,ORIGNAL_FILE,RENAME_FILE) values ('h102','1','프로젝트1','백규림',null,to_timestamp('20/10/13 16:12:11.090761000','RR/MM/DD HH24:MI:SSXFF'),null,null);
Insert into HWABO.CHATTING (UCODE,PROJECT_NUM,PROJECT_NAME,UNAME,CONTENT,CHAT_TIME,ORIGNAL_FILE,RENAME_FILE) values ('h102','1','프로젝트1','백규림','음?',to_timestamp('20/10/13 16:12:14.490136000','RR/MM/DD HH24:MI:SSXFF'),null,null);
Insert into HWABO.CHATTING (UCODE,PROJECT_NUM,PROJECT_NAME,UNAME,CONTENT,CHAT_TIME,ORIGNAL_FILE,RENAME_FILE) values ('h130','1','KH프로젝트','정재구','규림 : 비뜨 ㅋㅋ',to_timestamp('20/10/14 10:03:49.877530000','RR/MM/DD HH24:MI:SSXFF'),null,null);
Insert into HWABO.CHATTING (UCODE,PROJECT_NUM,PROJECT_NAME,UNAME,CONTENT,CHAT_TIME,ORIGNAL_FILE,RENAME_FILE) values ('h102','1','프로젝트1','백규림','비트야 저리가',to_timestamp('20/10/13 16:12:20.163819000','RR/MM/DD HH24:MI:SSXFF'),null,null);
Insert into HWABO.CHATTING (UCODE,PROJECT_NUM,PROJECT_NAME,UNAME,CONTENT,CHAT_TIME,ORIGNAL_FILE,RENAME_FILE) values ('h130','2','beet','정재구','ss',to_timestamp('20/10/17 13:43:36.730093000','RR/MM/DD HH24:MI:SSXFF'),null,null);
Insert into HWABO.CHATTING (UCODE,PROJECT_NUM,PROJECT_NAME,UNAME,CONTENT,CHAT_TIME,ORIGNAL_FILE,RENAME_FILE) values ('h130','2','beet','정재구','g',to_timestamp('20/10/17 13:43:48.572081000','RR/MM/DD HH24:MI:SSXFF'),null,null);
Insert into HWABO.CHATTING (UCODE,PROJECT_NUM,PROJECT_NAME,UNAME,CONTENT,CHAT_TIME,ORIGNAL_FILE,RENAME_FILE) values ('h130','2','beet','정재구','fff',to_timestamp('20/10/17 13:43:50.125536000','RR/MM/DD HH24:MI:SSXFF'),null,null);
Insert into HWABO.CHATTING (UCODE,PROJECT_NUM,PROJECT_NAME,UNAME,CONTENT,CHAT_TIME,ORIGNAL_FILE,RENAME_FILE) values ('h130','2','beet','정재구','ss',to_timestamp('20/10/17 13:46:42.196803000','RR/MM/DD HH24:MI:SSXFF'),null,null);
REM INSERTING into HWABO.CHAT_SPEED
SET DEFINE OFF;
Insert into HWABO.CHAT_SPEED (SPEED,FK) values (10000,'one');
REM INSERTING into HWABO.CPOST
SET DEFINE OFF;
Insert into HWABO.CPOST (CNO,CPNUM,CTITLE,CUCODE,CWRITER,CCONTENT,CENROLLDATE,COPEN,HASHTAGS,MENTIONS) values ('c382','1','제가 찍은 사진입니다 ^^','h123','김회원','저희집 고양이는 아닙니다',to_date('20/09/28','RR/MM/DD'),null,null,null);
Insert into HWABO.CPOST (CNO,CPNUM,CTITLE,CUCODE,CWRITER,CCONTENT,CENROLLDATE,COPEN,HASHTAGS,MENTIONS) values ('c353','1','ㅁㄴ','h123','김회원','ㅁㄴ123',to_date('20/09/26','RR/MM/DD'),null,null,null);
Insert into HWABO.CPOST (CNO,CPNUM,CTITLE,CUCODE,CWRITER,CCONTENT,CENROLLDATE,COPEN,HASHTAGS,MENTIONS) values ('c356','1','12','h123','김회원','12',to_date('20/09/26','RR/MM/DD'),null,null,null);
Insert into HWABO.CPOST (CNO,CPNUM,CTITLE,CUCODE,CWRITER,CCONTENT,CENROLLDATE,COPEN,HASHTAGS,MENTIONS) values ('c355','1','사진','h123','김회원','사진사진 123',to_date('20/09/26','RR/MM/DD'),null,null,null);
Insert into HWABO.CPOST (CNO,CPNUM,CTITLE,CUCODE,CWRITER,CCONTENT,CENROLLDATE,COPEN,HASHTAGS,MENTIONS) values ('c381','1','안녕하세요','h123','김회원','오늘 처음 가입했어요^^ 잘부탁드립니다',to_date('20/09/28','RR/MM/DD'),null,null,null);
Insert into HWABO.CPOST (CNO,CPNUM,CTITLE,CUCODE,CWRITER,CCONTENT,CENROLLDATE,COPEN,HASHTAGS,MENTIONS) values ('c383','1','고양이 사진 올립니다^^','h123','김회원','귀엽죠?',to_date('20/09/28','RR/MM/DD'),null,null,null);
Insert into HWABO.CPOST (CNO,CPNUM,CTITLE,CUCODE,CWRITER,CCONTENT,CENROLLDATE,COPEN,HASHTAGS,MENTIONS) values ('c384','2',';;','h130','정재구',';;;;;',to_date('20/09/28','RR/MM/DD'),null,null,null);
Insert into HWABO.CPOST (CNO,CPNUM,CTITLE,CUCODE,CWRITER,CCONTENT,CENROLLDATE,COPEN,HASHTAGS,MENTIONS) values ('c403','51381715','파일 공유 합니다','h102','백규림','압축 해제한 뒤에 확인하세요',to_date('20/09/28','RR/MM/DD'),null,null,null);
Insert into HWABO.CPOST (CNO,CPNUM,CTITLE,CUCODE,CWRITER,CCONTENT,CENROLLDATE,COPEN,HASHTAGS,MENTIONS) values ('c401','51381715','예쁜 사진 보기','h102','백규림','보세요',to_date('20/09/28','RR/MM/DD'),null,null,null);
Insert into HWABO.CPOST (CNO,CPNUM,CTITLE,CUCODE,CWRITER,CCONTENT,CENROLLDATE,COPEN,HASHTAGS,MENTIONS) values ('c402','1','백규림','h102','백규림','파일 올립니다.',to_date('20/09/28','RR/MM/DD'),null,null,null);
Insert into HWABO.CPOST (CNO,CPNUM,CTITLE,CUCODE,CWRITER,CCONTENT,CENROLLDATE,COPEN,HASHTAGS,MENTIONS) values ('c421','1','일반 게시글입니다 ','h124','한여진','반갑습니다 비밀의 숲 보시는 분',to_date('20/09/29','RR/MM/DD'),null,null,null);
Insert into HWABO.CPOST (CNO,CPNUM,CTITLE,CUCODE,CWRITER,CCONTENT,CENROLLDATE,COPEN,HASHTAGS,MENTIONS) values ('c422','1','그냥 글','h124','한여진','속도테스트
',to_date('20/09/29','RR/MM/DD'),null,null,null);
Insert into HWABO.CPOST (CNO,CPNUM,CTITLE,CUCODE,CWRITER,CCONTENT,CENROLLDATE,COPEN,HASHTAGS,MENTIONS) values ('c443','74267895','ㅂㅈㄷ','h124','한여진','ㅂㅈㄷ',to_date('20/09/29','RR/MM/DD'),null,null,null);
Insert into HWABO.CPOST (CNO,CPNUM,CTITLE,CUCODE,CWRITER,CCONTENT,CENROLLDATE,COPEN,HASHTAGS,MENTIONS) values ('c441','74267895','제목을쓰고','h124','한여진','내용을쓴다',to_date('20/09/29','RR/MM/DD'),null,null,null);
Insert into HWABO.CPOST (CNO,CPNUM,CTITLE,CUCODE,CWRITER,CCONTENT,CENROLLDATE,COPEN,HASHTAGS,MENTIONS) values ('c442','74267895','ㅂㅈㄷ','h124','한여진','ㅂㅈㄷ',to_date('20/09/29','RR/MM/DD'),null,null,null);
Insert into HWABO.CPOST (CNO,CPNUM,CTITLE,CUCODE,CWRITER,CCONTENT,CENROLLDATE,COPEN,HASHTAGS,MENTIONS) values ('c444','89181859','테스트글입니다 ','h123','김회원','테스트글',to_date('20/09/29','RR/MM/DD'),null,null,null);
Insert into HWABO.CPOST (CNO,CPNUM,CTITLE,CUCODE,CWRITER,CCONTENT,CENROLLDATE,COPEN,HASHTAGS,MENTIONS) values ('c445','89181859','rwer','h123','김회원','werew',to_date('20/09/29','RR/MM/DD'),null,null,null);
Insert into HWABO.CPOST (CNO,CPNUM,CTITLE,CUCODE,CWRITER,CCONTENT,CENROLLDATE,COPEN,HASHTAGS,MENTIONS) values ('c522','20600687','공공','h130','정재구','공',to_date('20/10/19','RR/MM/DD'),null,null,null);
Insert into HWABO.CPOST (CNO,CPNUM,CTITLE,CUCODE,CWRITER,CCONTENT,CENROLLDATE,COPEN,HASHTAGS,MENTIONS) values ('c523','20600687','공공','h130','정재구','공',to_date('20/10/19','RR/MM/DD'),null,null,null);
Insert into HWABO.CPOST (CNO,CPNUM,CTITLE,CUCODE,CWRITER,CCONTENT,CENROLLDATE,COPEN,HASHTAGS,MENTIONS) values ('c524','20600687','ㄴㄴ','h130','정재구','ㄴㄴ',to_date('20/10/19','RR/MM/DD'),null,null,null);
Insert into HWABO.CPOST (CNO,CPNUM,CTITLE,CUCODE,CWRITER,CCONTENT,CENROLLDATE,COPEN,HASHTAGS,MENTIONS) values ('c343','1','테스트글','h123','김회원','테스트 글 작성중....',to_date('20/09/26','RR/MM/DD'),null,null,null);
Insert into HWABO.CPOST (CNO,CPNUM,CTITLE,CUCODE,CWRITER,CCONTENT,CENROLLDATE,COPEN,HASHTAGS,MENTIONS) values ('c344','1','긴 글 테스트','h123','김회원','I’m trying to give u something more
So come with me and fly away
away away away away

그래서 난 눈누난나
눈누누난나
Put’ em up in the air
누나 누나
Like this oh 나나나
누나 누나
에에에에이',to_date('20/09/26','RR/MM/DD'),null,null,null);
REM INSERTING into HWABO.CPROJECT
SET DEFINE OFF;
REM INSERTING into HWABO.DOPOST
SET DEFINE OFF;
Insert into HWABO.DOPOST (DNO,DTITLE,DUCODE,DWRITER,DCONTENT,DENROLLDATE,DOPEN,DPNUM) values ('d1','일기장','h128','김서장','내ㄴdfdsfsdfsdfsdfsdfsdfdsfsdfsdfsdfsdfsdfsdff

활동하기
끝~
~~						',to_date('20/09/15','RR/MM/DD'),'Y',null);
Insert into HWABO.DOPOST (DNO,DTITLE,DUCODE,DWRITER,DCONTENT,DENROLLDATE,DOPEN,DPNUM) values ('d2','asdgadsg','h128','김서장','asdgadgs										',to_date('20/09/15','RR/MM/DD'),'N',null);
Insert into HWABO.DOPOST (DNO,DTITLE,DUCODE,DWRITER,DCONTENT,DENROLLDATE,DOPEN,DPNUM) values ('d4','일기장111','h22','정회원','12313123123										',to_date('20/09/15','RR/MM/DD'),'N',null);
REM INSERTING into HWABO.FILEBOX
SET DEFINE OFF;
REM INSERTING into HWABO.HASHTAG
SET DEFINE OFF;
REM INSERTING into HWABO.INVITE
SET DEFINE OFF;
Insert into HWABO.INVITE (INVTKEY,UCODE,PNUM,INVTEMAIL,INVTUSE,EXPRTDATE) values ('i31830','h124','1','user10@ruu.kr','N',to_date('20/10/20','RR/MM/DD'));
Insert into HWABO.INVITE (INVTKEY,UCODE,PNUM,INVTEMAIL,INVTUSE,EXPRTDATE) values ('i1661','h123','1','user25@ruu.kr','N',to_date('20/09/30','RR/MM/DD'));
Insert into HWABO.INVITE (INVTKEY,UCODE,PNUM,INVTEMAIL,INVTUSE,EXPRTDATE) values ('i46510','h123','1','user28@ruu.kr','N',to_date('20/10/01','RR/MM/DD'));
Insert into HWABO.INVITE (INVTKEY,UCODE,PNUM,INVTEMAIL,INVTUSE,EXPRTDATE) values ('i78065','h123','89181859','user12@ruu.kr','Y',to_date('20/10/01','RR/MM/DD'));
Insert into HWABO.INVITE (INVTKEY,UCODE,PNUM,INVTEMAIL,INVTUSE,EXPRTDATE) values ('i86880','h124','1','user18@ruu.kr','N',to_date('20/10/20','RR/MM/DD'));
REM INSERTING into HWABO.LANGUAGE
SET DEFINE OFF;
REM INSERTING into HWABO.LOVE
SET DEFINE OFF;
REM INSERTING into HWABO.MEMBER
SET DEFINE OFF;
Insert into HWABO.MEMBER (UCODE,UEMAIL,UPWD,UNAME,UPHONE,UGROUP,UROLE,UST,UCERT,UDATE,SIGNTYPE,ACCESSTOKEN,UIMG,UACTIVE) values ('h32','sajosusuu@gmail.com','$2a$10$pcnUaS9G6CMgD0KpIPTd2eAgvfLP8gcNe1zPGkBWT1znLC1xstXqu','김회원','01012345678',null,null,'Y','N',to_date('20/09/09','RR/MM/DD'),'h','116167',null,null);
Insert into HWABO.MEMBER (UCODE,UEMAIL,UPWD,UNAME,UPHONE,UGROUP,UROLE,UST,UCERT,UDATE,SIGNTYPE,ACCESSTOKEN,UIMG,UACTIVE) values ('h22','123@123.com','$2a$10$QY2ajoXaRDoYqwa8IIUyR.ha.YWcYl9/udOpzut9ye5SkweKf3Zbm','정회원','01021431234','1조','회원','Y','N',to_date('20/09/09','RR/MM/DD'),'h',null,'resources/profileImg/h22프로필8.jpg',null);
Insert into HWABO.MEMBER (UCODE,UEMAIL,UPWD,UNAME,UPHONE,UGROUP,UROLE,UST,UCERT,UDATE,SIGNTYPE,ACCESSTOKEN,UIMG,UACTIVE) values ('h124','user2@ruu.kr','$2a$10$i8f0DJX1mcjaki2tuHbpvOcm44Wqv4SgZ/YNq0BO0EgInfdgq1SoO','한여진','01034567889','영업부','  팀장','Y','N',to_date('20/09/12','RR/MM/DD'),'h','848344','resources/profileImg/h124프로필7.jpg',null);
Insert into HWABO.MEMBER (UCODE,UEMAIL,UPWD,UNAME,UPHONE,UGROUP,UROLE,UST,UCERT,UDATE,SIGNTYPE,ACCESSTOKEN,UIMG,UACTIVE) values ('h125','user3@ruu.kr','$2a$10$ie.vbIWt3URrjw4Ao1Q/peQQTCKNvAzWGvBjB/7Qoalyom.edQulC','서동재','01064215321','총무부','팀원','Y','N',to_date('20/09/12','RR/MM/DD'),'h','808140','resources/profileImg/h125프2.jpg',null);
Insert into HWABO.MEMBER (UCODE,UEMAIL,UPWD,UNAME,UPHONE,UGROUP,UROLE,UST,UCERT,UDATE,SIGNTYPE,ACCESSTOKEN,UIMG,UACTIVE) values ('h126','user4@ruu.kr','$2a$10$oNrYWLTM39xS/kUb00dDNODmRsRuuBdUgTh38ao6Rp6mBO4D20tSi','영은수','010646343221','총무부','팀장','Y','N',to_date('20/09/12','RR/MM/DD'),'h','698650','resources/profileImg/h126프1.jpg',null);
Insert into HWABO.MEMBER (UCODE,UEMAIL,UPWD,UNAME,UPHONE,UGROUP,UROLE,UST,UCERT,UDATE,SIGNTYPE,ACCESSTOKEN,UIMG,UACTIVE) values ('h127','user5@ruu.kr','$2a$10$NyVldYfWSHPD2Bvrwd5uSuh.prSQdImgDeBkx6q17hYPrqROA7.8m','이창준','010123464563','요거트','블루베리','Y','N',to_date('20/09/12','RR/MM/DD'),'h','148805','resources/profileImg/h127프로필5.jpg',null);
Insert into HWABO.MEMBER (UCODE,UEMAIL,UPWD,UNAME,UPHONE,UGROUP,UROLE,UST,UCERT,UDATE,SIGNTYPE,ACCESSTOKEN,UIMG,UACTIVE) values ('h102','kyu1@naver.com','$2a$10$se330eEjJITuWtl8FVMh/eh59ZbqXGyCdA9sKoaMinzQhWXK81pFa','백규림','01021346788',null,null,'Y','N',to_date('20/09/11','RR/MM/DD'),'h','915329','resources/profileImg/h102달 (1).jpg',null);
Insert into HWABO.MEMBER (UCODE,UEMAIL,UPWD,UNAME,UPHONE,UGROUP,UROLE,UST,UCERT,UDATE,SIGNTYPE,ACCESSTOKEN,UIMG,UACTIVE) values ('h123','user1@ruu.kr','$2a$10$z6mOL/GoHpQY1vNfNuQViusUbk2nWKnfUD6eWNQKk7SZI6hs7fRim','김이름','01064839586','123','123','Y','N',to_date('20/09/12','RR/MM/DD'),'h','121414',null,null);
Insert into HWABO.MEMBER (UCODE,UEMAIL,UPWD,UNAME,UPHONE,UGROUP,UROLE,UST,UCERT,UDATE,SIGNTYPE,ACCESSTOKEN,UIMG,UACTIVE) values ('h128','user6@ruu.kr','$2a$10$tnPkjWDAidfzsOGXy7b5wevZ25VikGQ1qDlKq6jcK/xhdUzNoNjXS','김서장','01098765432','영업부','팀장','Y','N',to_date('20/09/12','RR/MM/DD'),'h','228019','resources/profileImg/h128프4.jpg',null);
Insert into HWABO.MEMBER (UCODE,UEMAIL,UPWD,UNAME,UPHONE,UGROUP,UROLE,UST,UCERT,UDATE,SIGNTYPE,ACCESSTOKEN,UIMG,UACTIVE) values ('h129','user7@ruu.kr','$2a$10$Q0gIe45kb59e26T3UNKISeNoKg0.tPrgvhm.WjXG1zc3IW4TSvB8q','윤세아','01098254869','영업부','대리','Y','N',to_date('20/09/12','RR/MM/DD'),'h','898640',null,null);
Insert into HWABO.MEMBER (UCODE,UEMAIL,UPWD,UNAME,UPHONE,UGROUP,UROLE,UST,UCERT,UDATE,SIGNTYPE,ACCESSTOKEN,UIMG,UACTIVE) values ('h130','red@b.b','$2a$10$QlAd3J.ILT1IgyHeysghjOdAMU4VMaHOKHE5.MCWNL24SvjDHw6Q.','정재구','01024856791
',null,null,'Y','Y',to_date('20/09/12','RR/MM/DD'),'h','652365','resources/profileImg/h13020200920232215.gif',null);
Insert into HWABO.MEMBER (UCODE,UEMAIL,UPWD,UNAME,UPHONE,UGROUP,UROLE,UST,UCERT,UDATE,SIGNTYPE,ACCESSTOKEN,UIMG,UACTIVE) values ('h141','user10@ruu.kr','$2a$10$b1vaLf828ZEHcFQ2Z7EApeiw/VE10ek.aw77KqyjXbimPyHQr3Eby','핸드크','01023456789','a회사','직원','Y','N',to_date('20/09/13','RR/MM/DD'),'h','571905','resources/profileImg/default.png',null);
Insert into HWABO.MEMBER (UCODE,UEMAIL,UPWD,UNAME,UPHONE,UGROUP,UROLE,UST,UCERT,UDATE,SIGNTYPE,ACCESSTOKEN,UIMG,UACTIVE) values ('h221','user15@ruu.kr','$2a$10$Di.8YMH3lnUDaRfhCJ8Y8O6Cy/btoWUn51uxkxAGIPEmwdyPknGmK','apsdqw',null,null,null,'N','N',to_date('20/09/24','RR/MM/DD'),'h','753382','resources/profileImg/default.png',null);
Insert into HWABO.MEMBER (UCODE,UEMAIL,UPWD,UNAME,UPHONE,UGROUP,UROLE,UST,UCERT,UDATE,SIGNTYPE,ACCESSTOKEN,UIMG,UACTIVE) values ('h222','user9@ruu.kr','$2a$10$pDFHRqIcNhRX46qKHkzRWOTSrnS3d80qqcFGjTKtJlKLqlaNWyZoC','고소미',null,null,null,'Y','N',to_date('20/09/24','RR/MM/DD'),'h','182459','resources/profileImg/default.png',null);
Insert into HWABO.MEMBER (UCODE,UEMAIL,UPWD,UNAME,UPHONE,UGROUP,UROLE,UST,UCERT,UDATE,SIGNTYPE,ACCESSTOKEN,UIMG,UACTIVE) values ('h241','user12@ruu.kr','$2a$10$b7FeyeHHZC1vTs.1g6bIruRYYtKs9cQ2iiHzgSAF6RosbM.xk9Zzi','초코칩',null,null,null,'N','N',to_date('20/09/24','RR/MM/DD'),'h','030164','resources/profileImg/default.png',null);
Insert into HWABO.MEMBER (UCODE,UEMAIL,UPWD,UNAME,UPHONE,UGROUP,UROLE,UST,UCERT,UDATE,SIGNTYPE,ACCESSTOKEN,UIMG,UACTIVE) values ('h242','user13@ruu.kr','$2a$10$7cZmA1rqUHZWe9hWSr9wnOBYdw3Vuro0byOLLPwvTf0tgeeYEPIry','그린티',null,null,null,'Y','N',to_date('20/09/24','RR/MM/DD'),'h','009529','resources/profileImg/default.png',null);
Insert into HWABO.MEMBER (UCODE,UEMAIL,UPWD,UNAME,UPHONE,UGROUP,UROLE,UST,UCERT,UDATE,SIGNTYPE,ACCESSTOKEN,UIMG,UACTIVE) values ('h243','user14@ruu.kr','$2a$10$4oMEtbdUk6rAng2EsToBe.B/YZl2.hDUaAG9M5OctF23dv1cVx0Mu','박초코',null,null,null,'Y','N',to_date('20/09/24','RR/MM/DD'),'h','240136','resources/profileImg/default.png',null);
Insert into HWABO.MEMBER (UCODE,UEMAIL,UPWD,UNAME,UPHONE,UGROUP,UROLE,UST,UCERT,UDATE,SIGNTYPE,ACCESSTOKEN,UIMG,UACTIVE) values ('h261','user18@ruu.kr','$2a$10$CoKglvlA4tJRRt4daFTb5urQZaum5SVnfh6zxfmdPwGyXfBSADS.C','마스크',null,null,null,'Y','N',to_date('20/09/25','RR/MM/DD'),'h','113490','resources/profileImg/default.png',null);
Insert into HWABO.MEMBER (UCODE,UEMAIL,UPWD,UNAME,UPHONE,UGROUP,UROLE,UST,UCERT,UDATE,SIGNTYPE,ACCESSTOKEN,UIMG,UACTIVE) values ('n182','suh021@naver.com',null,'박수현','1046363432','235','5325','Y','N',to_date('20/09/21','RR/MM/DD'),'n',null,'https://ssl.pstatic.net/static/pwe/address/img_profile.png',null);
Insert into HWABO.MEMBER (UCODE,UEMAIL,UPWD,UNAME,UPHONE,UGROUP,UROLE,UST,UCERT,UDATE,SIGNTYPE,ACCESSTOKEN,UIMG,UACTIVE) values ('h281','user20@ruu.kr','$2a$10$3pcq2XLX5BY4EyxabYLPqemCYrZz0L5OBrMjHCbfbhoU1VNfYn23i','미쯔',null,null,null,'N','N',to_date('20/09/25','RR/MM/DD'),'h','895539','resources/profileImg/default.png',null);
Insert into HWABO.MEMBER (UCODE,UEMAIL,UPWD,UNAME,UPHONE,UGROUP,UROLE,UST,UCERT,UDATE,SIGNTYPE,ACCESSTOKEN,UIMG,UACTIVE) values ('h282','user21@ruu.kr','$2a$10$KAu6IMKQJuJ51rf7uXbwG.KR7miXYeExF9EMaQxZ3N0t1RGjkk8a.','아이스',null,null,null,'Y','N',to_date('20/09/25','RR/MM/DD'),'h','759675','resources/profileImg/default.png',null);
Insert into HWABO.MEMBER (UCODE,UEMAIL,UPWD,UNAME,UPHONE,UGROUP,UROLE,UST,UCERT,UDATE,SIGNTYPE,ACCESSTOKEN,UIMG,UACTIVE) values ('n303','hwabo49@gmail.com',null,'화보',null,null,null,'Y','N',to_date('20/09/27','RR/MM/DD'),'g',null,'https://lh6.googleusercontent.com/-RTDoIZMQSio/AAAAAAAAAAI/AAAAAAAAAAA/AMZuucmLwp_f-LnuwpI8co6xhTdtHvCADQ/photo.jpg',null);
Insert into HWABO.MEMBER (UCODE,UEMAIL,UPWD,UNAME,UPHONE,UGROUP,UROLE,UST,UCERT,UDATE,SIGNTYPE,ACCESSTOKEN,UIMG,UACTIVE) values ('n323','ddubing1@gmail.com',null,'Jeong',null,null,null,'Y','N',to_date('20/09/28','RR/MM/DD'),'g',null,'https://lh3.googleusercontent.com/-XG-a0ozQqFY/AAAAAAAAAAI/AAAAAAAAAAA/AMZuuclDvHFYvlm3GaDUzZj-KnKPFXvadw/photo.jpg',null);
Insert into HWABO.MEMBER (UCODE,UEMAIL,UPWD,UNAME,UPHONE,UGROUP,UROLE,UST,UCERT,UDATE,SIGNTYPE,ACCESSTOKEN,UIMG,UACTIVE) values ('h341','user29@ruu.kr','$2a$10$FV0KUEdER.Zmi.dFBVboK.d0Lx2LNRZLX7UbI1OZ8hE4HQ87nw5dq','김회원',null,null,null,'Y','N',to_date('20/09/29','RR/MM/DD'),'h','660387','resources/profileImg/default.png',null);
Insert into HWABO.MEMBER (UCODE,UEMAIL,UPWD,UNAME,UPHONE,UGROUP,UROLE,UST,UCERT,UDATE,SIGNTYPE,ACCESSTOKEN,UIMG,UACTIVE) values ('h343','user28@ruu.kr','$2a$10$W6uZr0cZmqlrdjIqftkbPuuHH4LT4v31PByLoY/c6MJO82YXMDxBW','강아지',null,null,null,'Y','N',to_date('20/09/29','RR/MM/DD'),'h','761908','resources/profileImg/default.png',null);
Insert into HWABO.MEMBER (UCODE,UEMAIL,UPWD,UNAME,UPHONE,UGROUP,UROLE,UST,UCERT,UDATE,SIGNTYPE,ACCESSTOKEN,UIMG,UACTIVE) values ('h344','user30@ruu.kr','$2a$10$DexcOqKaZ86uxaHEQtAg6eQvRB9tvrz6NAWX/Lf7laS6KKtgbs0Qm','김칫솔',null,null,null,'Y','N',to_date('20/09/29','RR/MM/DD'),'h','636441','resources/profileImg/default.png',null);
Insert into HWABO.MEMBER (UCODE,UEMAIL,UPWD,UNAME,UPHONE,UGROUP,UROLE,UST,UCERT,UDATE,SIGNTYPE,ACCESSTOKEN,UIMG,UACTIVE) values ('h345','user31@ruu.kr','$2a$10$Ou4q32tEsFnr0w6On7IQkeyjWEq8ec01.m40MKxOqlCXfHBrKhZRS','박감자',null,null,null,'Y','N',to_date('20/09/29','RR/MM/DD'),'h','220032','resources/profileImg/default.png',null);
Insert into HWABO.MEMBER (UCODE,UEMAIL,UPWD,UNAME,UPHONE,UGROUP,UROLE,UST,UCERT,UDATE,SIGNTYPE,ACCESSTOKEN,UIMG,UACTIVE) values ('h362','user37@ruu.kr','$2a$10$qsOIpPpsC46XoNeEh7zSzOU.9GqpeKhM/xGWsI2So8GLdrKZOq./.','김회원',null,null,null,'Y','N',to_date('20/09/29','RR/MM/DD'),'h','171409','resources/profileImg/default.png',null);
Insert into HWABO.MEMBER (UCODE,UEMAIL,UPWD,UNAME,UPHONE,UGROUP,UROLE,UST,UCERT,UDATE,SIGNTYPE,ACCESSTOKEN,UIMG,UACTIVE) values ('h347','user33@ruu.kr','$2a$10$1XxqAAPydOzMruhwuk3JreRuZ4P4n54GSyvf0eJC2NTT2n93MMLAO','토끼',null,null,null,'Y','N',to_date('20/09/29','RR/MM/DD'),'h','895395','resources/profileImg/default.png',null);
Insert into HWABO.MEMBER (UCODE,UEMAIL,UPWD,UNAME,UPHONE,UGROUP,UROLE,UST,UCERT,UDATE,SIGNTYPE,ACCESSTOKEN,UIMG,UACTIVE) values ('h348','user34@ruu.kr','$2a$10$Yb6uJYKUYf2qxlq3oSu8X.vMMH97zYjUKIVTie.eVVyD5GWyf7DEy','회원가입',null,null,null,'N','N',to_date('20/09/29','RR/MM/DD'),'h','726758','resources/profileImg/default.png',null);
Insert into HWABO.MEMBER (UCODE,UEMAIL,UPWD,UNAME,UPHONE,UGROUP,UROLE,UST,UCERT,UDATE,SIGNTYPE,ACCESSTOKEN,UIMG,UACTIVE) values ('h349','user36@ruu.kr','$2a$10$Dqk2EpyFXJ5zQLl1Tgxoh.aHiwXhZJP0Ea8NAIrWU4D0vKXxxU6bi','11',null,null,null,'Y','N',to_date('20/09/29','RR/MM/DD'),'h','065361','resources/profileImg/default.png',null);
REM INSERTING into HWABO.NOTE
SET DEFINE OFF;
REM INSERTING into HWABO.PJMEMBER
SET DEFINE OFF;
Insert into HWABO.PJMEMBER (PNUM,UCODE,PJADMIN) values ('1','h123','1');
Insert into HWABO.PJMEMBER (PNUM,UCODE,PJADMIN) values ('1','h124','1');
Insert into HWABO.PJMEMBER (PNUM,UCODE,PJADMIN) values ('1','h125','2');
Insert into HWABO.PJMEMBER (PNUM,UCODE,PJADMIN) values ('1','h126','2');
Insert into HWABO.PJMEMBER (PNUM,UCODE,PJADMIN) values ('1','h127','2');
Insert into HWABO.PJMEMBER (PNUM,UCODE,PJADMIN) values ('2','h128','2');
Insert into HWABO.PJMEMBER (PNUM,UCODE,PJADMIN) values ('2','h129','1');
Insert into HWABO.PJMEMBER (PNUM,UCODE,PJADMIN) values ('2','h130','2');
Insert into HWABO.PJMEMBER (PNUM,UCODE,PJADMIN) values ('1','h129','2');
Insert into HWABO.PJMEMBER (PNUM,UCODE,PJADMIN) values ('1','h130','2');
Insert into HWABO.PJMEMBER (PNUM,UCODE,PJADMIN) values ('51381715','h22','2');
Insert into HWABO.PJMEMBER (PNUM,UCODE,PJADMIN) values ('51381715','h32','2');
Insert into HWABO.PJMEMBER (PNUM,UCODE,PJADMIN) values ('51381715','h102','1');
Insert into HWABO.PJMEMBER (PNUM,UCODE,PJADMIN) values ('5448758','h141','1');
Insert into HWABO.PJMEMBER (PNUM,UCODE,PJADMIN) values ('87866998','h124','1');
Insert into HWABO.PJMEMBER (PNUM,UCODE,PJADMIN) values ('33867007','h141','1');
Insert into HWABO.PJMEMBER (PNUM,UCODE,PJADMIN) values ('74267895','h124','1');
Insert into HWABO.PJMEMBER (PNUM,UCODE,PJADMIN) values ('12880110','h124','1');
Insert into HWABO.PJMEMBER (PNUM,UCODE,PJADMIN) values ('83181459','h124','1');
Insert into HWABO.PJMEMBER (PNUM,UCODE,PJADMIN) values ('38996643','h124','1');
Insert into HWABO.PJMEMBER (PNUM,UCODE,PJADMIN) values ('83080531','h124','1');
Insert into HWABO.PJMEMBER (PNUM,UCODE,PJADMIN) values ('47985390','h124','1');
Insert into HWABO.PJMEMBER (PNUM,UCODE,PJADMIN) values ('51381715','h130','2');
Insert into HWABO.PJMEMBER (PNUM,UCODE,PJADMIN) values ('1','h22','2');
Insert into HWABO.PJMEMBER (PNUM,UCODE,PJADMIN) values ('63716254','n182','1');
Insert into HWABO.PJMEMBER (PNUM,UCODE,PJADMIN) values ('1','h102','1');
Insert into HWABO.PJMEMBER (PNUM,UCODE,PJADMIN) values ('71029821','h125','1');
Insert into HWABO.PJMEMBER (PNUM,UCODE,PJADMIN) values ('45545759','h124','1');
Insert into HWABO.PJMEMBER (PNUM,UCODE,PJADMIN) values ('1','h242','2');
Insert into HWABO.PJMEMBER (PNUM,UCODE,PJADMIN) values ('1','h243','2');
Insert into HWABO.PJMEMBER (PNUM,UCODE,PJADMIN) values ('1','h281','2');
Insert into HWABO.PJMEMBER (PNUM,UCODE,PJADMIN) values ('74267895','h242','2');
Insert into HWABO.PJMEMBER (PNUM,UCODE,PJADMIN) values ('74267895','h282','2');
Insert into HWABO.PJMEMBER (PNUM,UCODE,PJADMIN) values ('1','h282','2');
Insert into HWABO.PJMEMBER (PNUM,UCODE,PJADMIN) values ('1','h128','2');
Insert into HWABO.PJMEMBER (PNUM,UCODE,PJADMIN) values ('20600687','h130','1');
Insert into HWABO.PJMEMBER (PNUM,UCODE,PJADMIN) values ('92061552','h102','1');
Insert into HWABO.PJMEMBER (PNUM,UCODE,PJADMIN) values ('18983848','n323','1');
Insert into HWABO.PJMEMBER (PNUM,UCODE,PJADMIN) values ('1','h341','2');
Insert into HWABO.PJMEMBER (PNUM,UCODE,PJADMIN) values ('89181859','h123','1');
Insert into HWABO.PJMEMBER (PNUM,UCODE,PJADMIN) values ('89181859','h341','2');
Insert into HWABO.PJMEMBER (PNUM,UCODE,PJADMIN) values ('89181859','h343','2');
Insert into HWABO.PJMEMBER (PNUM,UCODE,PJADMIN) values ('89181859','h141','2');
Insert into HWABO.PJMEMBER (PNUM,UCODE,PJADMIN) values ('89181859','h124','2');
Insert into HWABO.PJMEMBER (PNUM,UCODE,PJADMIN) values ('89181859','h347','2');
Insert into HWABO.PJMEMBER (PNUM,UCODE,PJADMIN) values ('89181859','h348','2');
Insert into HWABO.PJMEMBER (PNUM,UCODE,PJADMIN) values ('89181859','h128','2');
Insert into HWABO.PJMEMBER (PNUM,UCODE,PJADMIN) values ('89181859','h222','2');
Insert into HWABO.PJMEMBER (PNUM,UCODE,PJADMIN) values ('1','h344','2');
Insert into HWABO.PJMEMBER (PNUM,UCODE,PJADMIN) values ('89181859','h127','2');
Insert into HWABO.PJMEMBER (PNUM,UCODE,PJADMIN) values ('89181859','h241','2');
Insert into HWABO.PJMEMBER (PNUM,UCODE,PJADMIN) values ('1','h222','2');
Insert into HWABO.PJMEMBER (PNUM,UCODE,PJADMIN) values ('96049631','h130','1');
REM INSERTING into HWABO.PMANAGE
SET DEFINE OFF;
REM INSERTING into HWABO.POSTREPLY
SET DEFINE OFF;
Insert into HWABO.POSTREPLY (REPLYNO,NO,CONTENT,UCODE,UNAME,ENROLLDATE,PARENTSNO,SESONDENROLL,KIND) values ('1','s2','나나나나ㅏ나','h127','이창준',to_date('20/09/15','RR/MM/DD'),'1',to_date('20/09/24','RR/MM/DD'),0);
Insert into HWABO.POSTREPLY (REPLYNO,NO,CONTENT,UCODE,UNAME,ENROLLDATE,PARENTSNO,SESONDENROLL,KIND) values ('2','s2','나qwewe나나나ㅏ나','h127','이창준',to_date('20/09/15','RR/MM/DD'),'2',to_date('20/09/24','RR/MM/DD'),0);
Insert into HWABO.POSTREPLY (REPLYNO,NO,CONTENT,UCODE,UNAME,ENROLLDATE,PARENTSNO,SESONDENROLL,KIND) values ('3','s2','나qwasdasdewe나나나ㅏ나','h127','이창준',to_date('20/09/15','RR/MM/DD'),'3',to_date('20/09/24','RR/MM/DD'),0);
Insert into HWABO.POSTREPLY (REPLYNO,NO,CONTENT,UCODE,UNAME,ENROLLDATE,PARENTSNO,SESONDENROLL,KIND) values ('4','s2','444나qwasdasdewe나나나ㅏ나','h127','이창준',to_date('20/09/15','RR/MM/DD'),'4',to_date('20/09/24','RR/MM/DD'),0);
Insert into HWABO.POSTREPLY (REPLYNO,NO,CONTENT,UCODE,UNAME,ENROLLDATE,PARENTSNO,SESONDENROLL,KIND) values ('5','s2','sfase','h102','백규림',to_date('20/09/18','RR/MM/DD'),'5',to_date('20/09/24','RR/MM/DD'),0);
Insert into HWABO.POSTREPLY (REPLYNO,NO,CONTENT,UCODE,UNAME,ENROLLDATE,PARENTSNO,SESONDENROLL,KIND) values ('6','s2','대댓글','h102','백규림',to_date('20/09/19','RR/MM/DD'),'3',to_date('20/09/24','RR/MM/DD'),1);
Insert into HWABO.POSTREPLY (REPLYNO,NO,CONTENT,UCODE,UNAME,ENROLLDATE,PARENTSNO,SESONDENROLL,KIND) values ('7','b2','댓글','h102','백규림',to_date('20/09/20','RR/MM/DD'),'7',null,0);
Insert into HWABO.POSTREPLY (REPLYNO,NO,CONTENT,UCODE,UNAME,ENROLLDATE,PARENTSNO,SESONDENROLL,KIND) values ('8','b2','대댓글글','h102','백규림',to_date('20/09/22','RR/MM/DD'),'7',null,1);
REM INSERTING into HWABO.PROGRESS
SET DEFINE OFF;
Insert into HWABO.PROGRESS (UCODE,PROJECT_NUM,NAME,GOAL,DONE,TITLE,CONTENT) values ('h123','1','김회원',3,2,'123123','a');
Insert into HWABO.PROGRESS (UCODE,PROJECT_NUM,NAME,GOAL,DONE,TITLE,CONTENT) values ('h130','1','정재구',3,2,'suugit 버그 수정 부탁드립니다.','관리자가 아닌상태에서 프로젝트 설정창 이동시<br>
업무모아보기 페이지로 이동합니다.<br>
alert 메세지또는 사용자가 판단하기 쉽게 처리 부탁드립니다.');
Insert into HWABO.PROGRESS (UCODE,PROJECT_NUM,NAME,GOAL,DONE,TITLE,CONTENT) values ('h123','1','김회원',3,2,'v',null);
Insert into HWABO.PROGRESS (UCODE,PROJECT_NUM,NAME,GOAL,DONE,TITLE,CONTENT) values ('h22','1','정회원',3,0,'zx',null);
Insert into HWABO.PROGRESS (UCODE,PROJECT_NUM,NAME,GOAL,DONE,TITLE,CONTENT) values ('h123','1','김회원',3,0,'ㅇ','ㄹ');
Insert into HWABO.PROGRESS (UCODE,PROJECT_NUM,NAME,GOAL,DONE,TITLE,CONTENT) values ('h102','1','백규림',3,3,'ㅇㅇ',null);
Insert into HWABO.PROGRESS (UCODE,PROJECT_NUM,NAME,GOAL,DONE,TITLE,CONTENT) values ('h124','1','한여진',3,2,'감사합니다 피드백 요청드립니다',null);
Insert into HWABO.PROGRESS (UCODE,PROJECT_NUM,NAME,GOAL,DONE,TITLE,CONTENT) values ('h130','1','정재구',3,0,'경로에 한글 안들어가게 부탁드립니다.','사진파일이라던지 사진파일이라던지 사진파일이라던지.....');
Insert into HWABO.PROGRESS (UCODE,PROJECT_NUM,NAME,GOAL,DONE,TITLE,CONTENT) values ('h102','1','백규림',3,0,'근무시간에 이탈하지 맙시다',null);
Insert into HWABO.PROGRESS (UCODE,PROJECT_NUM,NAME,GOAL,DONE,TITLE,CONTENT) values ('h102','1','백규림',3,0,'나무사진!',null);
Insert into HWABO.PROGRESS (UCODE,PROJECT_NUM,NAME,GOAL,DONE,TITLE,CONTENT) values ('h130','1','정재구',3,0,'데드라인 준수 부탁드립니다.','업무 진행률이 낮습니다.
데드라인 준수 부탁드립니다.');
Insert into HWABO.PROGRESS (UCODE,PROJECT_NUM,NAME,GOAL,DONE,TITLE,CONTENT) values ('h102','1','백규림',3,0,'말두앙대',null);
Insert into HWABO.PROGRESS (UCODE,PROJECT_NUM,NAME,GOAL,DONE,TITLE,CONTENT) values ('h124','1','한여진',3,1,'반갑습니다 진행입니다 ~','진행입니당');
Insert into HWABO.PROGRESS (UCODE,PROJECT_NUM,NAME,GOAL,DONE,TITLE,CONTENT) values ('h102','1','백규림',3,0,'사진파일 올리겠습니다.',null);
Insert into HWABO.PROGRESS (UCODE,PROJECT_NUM,NAME,GOAL,DONE,TITLE,CONTENT) values ('h22','1','정회원',3,3,'서버 작업중입니다 (06:00 ~ 10:10)','불편을 드려 죄송합니다.
<br>
작업 내용 : 서버안정화 및 테스트<br>
작업시간 : (06:00 ~ 10:100)<br>
책임자 : 정재구');
Insert into HWABO.PROGRESS (UCODE,PROJECT_NUM,NAME,GOAL,DONE,TITLE,CONTENT) values ('h124','1','한여진',3,3,'수고하셨습니다 완료입니다','드디어 끝났어용 ㅜ.ㅜ 감격스럽습니다 모두들 수고하셨어요 !!! 1조 짱 ㅎ.ㅎ');
Insert into HWABO.PROGRESS (UCODE,PROJECT_NUM,NAME,GOAL,DONE,TITLE,CONTENT) values ('h102','1','백규림',3,0,'수정',null);
Insert into HWABO.PROGRESS (UCODE,PROJECT_NUM,NAME,GOAL,DONE,TITLE,CONTENT) values ('h124','1','한여진',3,0,'아이쿠 보류입니다','다음 기회에');
Insert into HWABO.PROGRESS (UCODE,PROJECT_NUM,NAME,GOAL,DONE,TITLE,CONTENT) values ('h124','1','한여진',3,2,'안녕하세요 요청입니다',null);
Insert into HWABO.PROGRESS (UCODE,PROJECT_NUM,NAME,GOAL,DONE,TITLE,CONTENT) values ('h124','1','한여진',3,0,'업무                          ','업무요청');
Insert into HWABO.PROGRESS (UCODE,PROJECT_NUM,NAME,GOAL,DONE,TITLE,CONTENT) values ('h126','1','영은수',3,2,'업무 요청 추가입니다',null);
Insert into HWABO.PROGRESS (UCODE,PROJECT_NUM,NAME,GOAL,DONE,TITLE,CONTENT) values ('h124','1','한여진',3,0,'업무는 어렵습니다','업무하기시러여');
Insert into HWABO.PROGRESS (UCODE,PROJECT_NUM,NAME,GOAL,DONE,TITLE,CONTENT) values ('h123','1','김회원',3,2,'완료에서        보류로',null);
Insert into HWABO.PROGRESS (UCODE,PROJECT_NUM,NAME,GOAL,DONE,TITLE,CONTENT) values ('h124','1','한여진',3,3,'요청하는  글',null);
Insert into HWABO.PROGRESS (UCODE,PROJECT_NUM,NAME,GOAL,DONE,TITLE,CONTENT) values ('h102','1','백규림',3,1,'음ddddd',null);
Insert into HWABO.PROGRESS (UCODE,PROJECT_NUM,NAME,GOAL,DONE,TITLE,CONTENT) values ('h126','1','영은수',3,0,'저는 영은수 한여진에게 업무 요청','ㅇ');
Insert into HWABO.PROGRESS (UCODE,PROJECT_NUM,NAME,GOAL,DONE,TITLE,CONTENT) values ('h102','1','백규림',3,1,'제목 수정',null);
Insert into HWABO.PROGRESS (UCODE,PROJECT_NUM,NAME,GOAL,DONE,TITLE,CONTENT) values ('h102','1','백규림',3,0,'추석연휴  동안  팀원  모두  휴식  요청드립니다~','휴식하세요');
Insert into HWABO.PROGRESS (UCODE,PROJECT_NUM,NAME,GOAL,DONE,TITLE,CONTENT) values ('h102','1','백규림',3,0,'클래스 설계 발표','이틀 안에 발표 준비해 주세요. 
예시로 사용할 샘플 파일 첨부하겠습니다.');
Insert into HWABO.PROGRESS (UCODE,PROJECT_NUM,NAME,GOAL,DONE,TITLE,CONTENT) values ('h130','1','정재구',3,2,'테스트','테');
Insert into HWABO.PROGRESS (UCODE,PROJECT_NUM,NAME,GOAL,DONE,TITLE,CONTENT) values ('h102','1','백규림',3,0,'퇴사자  인수인계  알림!',null);
Insert into HWABO.PROGRESS (UCODE,PROJECT_NUM,NAME,GOAL,DONE,TITLE,CONTENT) values ('h126','1','영은수',3,1,'한여진님 업무 받으세요 !','잘 부탁드립니다');
Insert into HWABO.PROGRESS (UCODE,PROJECT_NUM,NAME,GOAL,DONE,TITLE,CONTENT) values ('h102','51381715','백규림',3,0,'xptmxm',null);
Insert into HWABO.PROGRESS (UCODE,PROJECT_NUM,NAME,GOAL,DONE,TITLE,CONTENT) values ('h102','51381715','백규림',3,2,'ㅇㅇ수정',null);
Insert into HWABO.PROGRESS (UCODE,PROJECT_NUM,NAME,GOAL,DONE,TITLE,CONTENT) values ('h130','51381715','정재구',3,1,'메인페이지 만드는 중~','배트배트 야구배트...');
Insert into HWABO.PROGRESS (UCODE,PROJECT_NUM,NAME,GOAL,DONE,TITLE,CONTENT) values ('h130','51381715','정재구',3,3,'목표페이지 완성','목표페이지를 완성했다');
Insert into HWABO.PROGRESS (UCODE,PROJECT_NUM,NAME,GOAL,DONE,TITLE,CONTENT) values ('h22','51381715','정회원',3,0,'서류 작업  e','
코로나 인사조정으로 인해 귀하에게 해고 통보가 곧 요청될 것입니다. 
서둘러 서류 작업을 마무리 해주십시오.');
Insert into HWABO.PROGRESS (UCODE,PROJECT_NUM,NAME,GOAL,DONE,TITLE,CONTENT) values ('h22','51381715','정회원',3,3,'슈퍼맨과 배트맨a','전 배트맨이요aaaa');
Insert into HWABO.PROGRESS (UCODE,PROJECT_NUM,NAME,GOAL,DONE,TITLE,CONTENT) values ('h22','51381715','정회원',3,0,'업무 일정 보고서 작성하시오!','졸려요');
Insert into HWABO.PROGRESS (UCODE,PROJECT_NUM,NAME,GOAL,DONE,TITLE,CONTENT) values ('h102','51381715','백규림',3,1,'에이작스 중복 테스트22','수정수정수정');
Insert into HWABO.PROGRESS (UCODE,PROJECT_NUM,NAME,GOAL,DONE,TITLE,CONTENT) values ('h130','51381715','정재구',3,3,'채팅을 완성','채팅 완성~');
Insert into HWABO.PROGRESS (UCODE,PROJECT_NUM,NAME,GOAL,DONE,TITLE,CONTENT) values ('h22','51381715','정회원',3,0,'테스트 file',null);
Insert into HWABO.PROGRESS (UCODE,PROJECT_NUM,NAME,GOAL,DONE,TITLE,CONTENT) values ('h130','51381715','정재구',3,3,'프로젝트 생성페이지 만들기','프로젝트 생성 페이지를 만들었다');
Insert into HWABO.PROGRESS (UCODE,PROJECT_NUM,NAME,GOAL,DONE,TITLE,CONTENT) values ('h102','51381715','백규림',3,1,'file',null);
Insert into HWABO.PROGRESS (UCODE,PROJECT_NUM,NAME,GOAL,DONE,TITLE,CONTENT) values ('h130','20600687','정재구',3,3,'ㄴㄴㄴ','ㄴㄴㄴㅇ');
Insert into HWABO.PROGRESS (UCODE,PROJECT_NUM,NAME,GOAL,DONE,TITLE,CONTENT) values ('h22','51381715','정회원',3,3,'file down',null);
Insert into HWABO.PROGRESS (UCODE,PROJECT_NUM,NAME,GOAL,DONE,TITLE,CONTENT) values ('h22','1','정회원',3,2,' [안내] 불편사항이 생길 수도 있으니 피드백 부탁드립니다. ','서버와 작업이 끝났으나<br> 미처 테스트하지 못한 부분이 발생 할 수 있습니다.<br>
이용중 오류발생 담당자에게 연락바랍니다.<br>
책임자 : 정재구');
Insert into HWABO.PROGRESS (UCODE,PROJECT_NUM,NAME,GOAL,DONE,TITLE,CONTENT) values ('h130','2','정재구',3,2,''']''',';');
Insert into HWABO.PROGRESS (UCODE,PROJECT_NUM,NAME,GOAL,DONE,TITLE,CONTENT) values ('h123','1','김회원',3,3,'122',null);
REM INSERTING into HWABO.PROJECT
SET DEFINE OFF;
Insert into HWABO.PROJECT (PROJECT_NUM,NAME,EXPLAIN,STARTDAY,ENDDAY,UPLOADDATE,OPEN,GOAL,DONE,RIGHT,ORDER_BY) values ('1','KH프로젝트','스프링을 이용한 파이널 프로젝트입니다
',to_date('20/09/11','RR/MM/DD'),to_date('20/10/15','RR/MM/DD'),to_date('20/09/11','RR/MM/DD'),'resources/maincss/img/plus.jpg',102,37,0,'1');
Insert into HWABO.PROJECT (PROJECT_NUM,NAME,EXPLAIN,STARTDAY,ENDDAY,UPLOADDATE,OPEN,GOAL,DONE,RIGHT,ORDER_BY) values ('2','beet','testContent',to_date('20/09/11','RR/MM/DD'),to_date('20/10/15','RR/MM/DD'),to_date('20/09/11','RR/MM/DD'),null,3,2,0,'2');
Insert into HWABO.PROJECT (PROJECT_NUM,NAME,EXPLAIN,STARTDAY,ENDDAY,UPLOADDATE,OPEN,GOAL,DONE,RIGHT,ORDER_BY) values ('3','naehaksa','testContent',to_date('20/09/11','RR/MM/DD'),to_date('20/10/15','RR/MM/DD'),to_date('20/09/11','RR/MM/DD'),null,4,2,0,'3');
Insert into HWABO.PROJECT (PROJECT_NUM,NAME,EXPLAIN,STARTDAY,ENDDAY,UPLOADDATE,OPEN,GOAL,DONE,RIGHT,ORDER_BY) values ('4','팡팡팡','testContent',to_date('20/09/11','RR/MM/DD'),to_date('20/10/15','RR/MM/DD'),to_date('20/09/11','RR/MM/DD'),null,3,1,0,'4');
Insert into HWABO.PROJECT (PROJECT_NUM,NAME,EXPLAIN,STARTDAY,ENDDAY,UPLOADDATE,OPEN,GOAL,DONE,RIGHT,ORDER_BY) values ('5','clone flow','testContent',to_date('20/09/11','RR/MM/DD'),to_date('20/10/15','RR/MM/DD'),to_date('20/09/11','RR/MM/DD'),null,10,0,0,'5');
Insert into HWABO.PROJECT (PROJECT_NUM,NAME,EXPLAIN,STARTDAY,ENDDAY,UPLOADDATE,OPEN,GOAL,DONE,RIGHT,ORDER_BY) values ('12','asd','asd',to_date('20/09/13','RR/MM/DD'),to_date('20/09/13','RR/MM/DD'),to_date('20/09/13','RR/MM/DD'),null,5,0,0,'12');
Insert into HWABO.PROJECT (PROJECT_NUM,NAME,EXPLAIN,STARTDAY,ENDDAY,UPLOADDATE,OPEN,GOAL,DONE,RIGHT,ORDER_BY) values ('7','으아아아',null,to_date('20/09/13','RR/MM/DD'),to_date('20/09/13','RR/MM/DD'),to_date('20/09/13','RR/MM/DD'),null,5,0,0,'7');
Insert into HWABO.PROJECT (PROJECT_NUM,NAME,EXPLAIN,STARTDAY,ENDDAY,UPLOADDATE,OPEN,GOAL,DONE,RIGHT,ORDER_BY) values ('8','ss','ssss',to_date('20/09/13','RR/MM/DD'),to_date('20/09/13','RR/MM/DD'),to_date('20/09/13','RR/MM/DD'),null,5,0,0,'8');
Insert into HWABO.PROJECT (PROJECT_NUM,NAME,EXPLAIN,STARTDAY,ENDDAY,UPLOADDATE,OPEN,GOAL,DONE,RIGHT,ORDER_BY) values ('9','ss','sd',to_date('20/09/13','RR/MM/DD'),to_date('20/09/13','RR/MM/DD'),to_date('20/09/13','RR/MM/DD'),null,5,0,0,'9');
Insert into HWABO.PROJECT (PROJECT_NUM,NAME,EXPLAIN,STARTDAY,ENDDAY,UPLOADDATE,OPEN,GOAL,DONE,RIGHT,ORDER_BY) values ('10','ss','asd',to_date('20/09/13','RR/MM/DD'),to_date('20/09/13','RR/MM/DD'),to_date('20/09/13','RR/MM/DD'),null,5,0,0,'10');
Insert into HWABO.PROJECT (PROJECT_NUM,NAME,EXPLAIN,STARTDAY,ENDDAY,UPLOADDATE,OPEN,GOAL,DONE,RIGHT,ORDER_BY) values ('11','sda',null,to_date('20/09/13','RR/MM/DD'),to_date('20/09/13','RR/MM/DD'),to_date('20/09/13','RR/MM/DD'),null,5,0,0,'11');
Insert into HWABO.PROJECT (PROJECT_NUM,NAME,EXPLAIN,STARTDAY,ENDDAY,UPLOADDATE,OPEN,GOAL,DONE,RIGHT,ORDER_BY) values ('13','sd',null,to_date('20/09/13','RR/MM/DD'),to_date('20/09/13','RR/MM/DD'),to_date('20/09/13','RR/MM/DD'),null,5,0,0,'13');
Insert into HWABO.PROJECT (PROJECT_NUM,NAME,EXPLAIN,STARTDAY,ENDDAY,UPLOADDATE,OPEN,GOAL,DONE,RIGHT,ORDER_BY) values ('51381715','123','323',to_date('20/09/13','RR/MM/DD'),to_date('20/09/13','RR/MM/DD'),to_date('20/09/13','RR/MM/DD'),null,39,20,0,'14');
Insert into HWABO.PROJECT (PROJECT_NUM,NAME,EXPLAIN,STARTDAY,ENDDAY,UPLOADDATE,OPEN,GOAL,DONE,RIGHT,ORDER_BY) values ('7832718','asdas','asds',to_date('20/09/18','RR/MM/DD'),to_date('20/09/18','RR/MM/DD'),to_date('20/09/18','RR/MM/DD'),null,5,0,0,'15');
Insert into HWABO.PROJECT (PROJECT_NUM,NAME,EXPLAIN,STARTDAY,ENDDAY,UPLOADDATE,OPEN,GOAL,DONE,RIGHT,ORDER_BY) values ('5448758','adasdad','asdasd',to_date('20/09/18','RR/MM/DD'),to_date('20/09/18','RR/MM/DD'),to_date('20/09/18','RR/MM/DD'),null,100000,1,0,'18');
Insert into HWABO.PROJECT (PROJECT_NUM,NAME,EXPLAIN,STARTDAY,ENDDAY,UPLOADDATE,OPEN,GOAL,DONE,RIGHT,ORDER_BY) values ('6','테스트','설명 테스트',null,null,to_date('20/09/11','RR/MM/DD'),null,10,1,1,'6');
Insert into HWABO.PROJECT (PROJECT_NUM,NAME,EXPLAIN,STARTDAY,ENDDAY,UPLOADDATE,OPEN,GOAL,DONE,RIGHT,ORDER_BY) values ('74267895','asd4565324sadads','asdsa',to_date('20/09/18','RR/MM/DD'),to_date('20/09/18','RR/MM/DD'),to_date('20/09/18','RR/MM/DD'),'resources/projectImg/74267895handshake_flatline.svg',100000,1,0,'19');
Insert into HWABO.PROJECT (PROJECT_NUM,NAME,EXPLAIN,STARTDAY,ENDDAY,UPLOADDATE,OPEN,GOAL,DONE,RIGHT,ORDER_BY) values ('33867007','asd','adasd',to_date('20/09/18','RR/MM/DD'),to_date('20/09/18','RR/MM/DD'),to_date('20/09/18','RR/MM/DD'),null,100000,1,0,'17');
Insert into HWABO.PROJECT (PROJECT_NUM,NAME,EXPLAIN,STARTDAY,ENDDAY,UPLOADDATE,OPEN,GOAL,DONE,RIGHT,ORDER_BY) values ('87866998','애견관리',null,to_date('20/09/18','RR/MM/DD'),to_date('20/09/18','RR/MM/DD'),to_date('20/09/18','RR/MM/DD'),'resources/projectImg/87866998사진1.jpg',100000,1,0,'20');
Insert into HWABO.PROJECT (PROJECT_NUM,NAME,EXPLAIN,STARTDAY,ENDDAY,UPLOADDATE,OPEN,GOAL,DONE,RIGHT,ORDER_BY) values ('12880110','내학사',null,to_date('20/09/18','RR/MM/DD'),to_date('20/09/18','RR/MM/DD'),to_date('20/09/18','RR/MM/DD'),'resources/projectImg/12880110주석 2020-09-28 101926.jpg',100000,1,0,'21');
Insert into HWABO.PROJECT (PROJECT_NUM,NAME,EXPLAIN,STARTDAY,ENDDAY,UPLOADDATE,OPEN,GOAL,DONE,RIGHT,ORDER_BY) values ('83181459','ttytyyyy',null,to_date('20/09/18','RR/MM/DD'),to_date('20/09/18','RR/MM/DD'),to_date('20/09/18','RR/MM/DD'),null,100000,1,0,'22');
Insert into HWABO.PROJECT (PROJECT_NUM,NAME,EXPLAIN,STARTDAY,ENDDAY,UPLOADDATE,OPEN,GOAL,DONE,RIGHT,ORDER_BY) values ('38996643','ttttt',null,to_date('20/09/18','RR/MM/DD'),to_date('20/09/18','RR/MM/DD'),to_date('20/09/18','RR/MM/DD'),null,100000,1,0,'23');
Insert into HWABO.PROJECT (PROJECT_NUM,NAME,EXPLAIN,STARTDAY,ENDDAY,UPLOADDATE,OPEN,GOAL,DONE,RIGHT,ORDER_BY) values ('83080531','ioioioioioi',null,to_date('20/09/18','RR/MM/DD'),to_date('20/09/18','RR/MM/DD'),to_date('20/09/18','RR/MM/DD'),null,100000,1,0,'24');
Insert into HWABO.PROJECT (PROJECT_NUM,NAME,EXPLAIN,STARTDAY,ENDDAY,UPLOADDATE,OPEN,GOAL,DONE,RIGHT,ORDER_BY) values ('47985390','ioioioi',null,to_date('20/09/18','RR/MM/DD'),to_date('20/09/18','RR/MM/DD'),to_date('20/09/18','RR/MM/DD'),null,100000,1,0,'25');
Insert into HWABO.PROJECT (PROJECT_NUM,NAME,EXPLAIN,STARTDAY,ENDDAY,UPLOADDATE,OPEN,GOAL,DONE,RIGHT,ORDER_BY) values ('63716254','테스트프로젝트','프로젝트~~~~',to_date('20/09/21','RR/MM/DD'),to_date('20/09/21','RR/MM/DD'),to_date('20/09/21','RR/MM/DD'),null,100000,1,0,'26');
Insert into HWABO.PROJECT (PROJECT_NUM,NAME,EXPLAIN,STARTDAY,ENDDAY,UPLOADDATE,OPEN,GOAL,DONE,RIGHT,ORDER_BY) values ('71029821','123','123',to_date('20/09/23','RR/MM/DD'),to_date('20/09/23','RR/MM/DD'),to_date('20/09/23','RR/MM/DD'),null,100000,1,0,'27');
Insert into HWABO.PROJECT (PROJECT_NUM,NAME,EXPLAIN,STARTDAY,ENDDAY,UPLOADDATE,OPEN,GOAL,DONE,RIGHT,ORDER_BY) values ('45545759','프로젝트!!','이 프로젝트는 테스트 프로젝트입니다',to_date('20/09/24','RR/MM/DD'),to_date('20/09/24','RR/MM/DD'),to_date('20/09/24','RR/MM/DD'),null,100000,1,0,'28');
Insert into HWABO.PROJECT (PROJECT_NUM,NAME,EXPLAIN,STARTDAY,ENDDAY,UPLOADDATE,OPEN,GOAL,DONE,RIGHT,ORDER_BY) values ('18983848','aaaaaaaaaaaaaaaaaaaaaaaaaaaaaaaaaaaaaaaaaaaaaaa',null,to_date('20/09/28','RR/MM/DD'),to_date('20/09/28','RR/MM/DD'),to_date('20/09/28','RR/MM/DD'),null,100000,1,0,'32');
Insert into HWABO.PROJECT (PROJECT_NUM,NAME,EXPLAIN,STARTDAY,ENDDAY,UPLOADDATE,OPEN,GOAL,DONE,RIGHT,ORDER_BY) values ('92061552','화보 프로젝트','현업툴 만들기',to_date('20/09/28','RR/MM/DD'),to_date('20/09/28','RR/MM/DD'),to_date('20/09/28','RR/MM/DD'),null,100000,1,0,'31');
Insert into HWABO.PROJECT (PROJECT_NUM,NAME,EXPLAIN,STARTDAY,ENDDAY,UPLOADDATE,OPEN,GOAL,DONE,RIGHT,ORDER_BY) values ('20600687','관공서10월','관공서10월분',to_date('20/10/13','RR/MM/DD'),to_date('20/10/13','RR/MM/DD'),to_date('20/10/13','RR/MM/DD'),null,3,3,0,'38');
Insert into HWABO.PROJECT (PROJECT_NUM,NAME,EXPLAIN,STARTDAY,ENDDAY,UPLOADDATE,OPEN,GOAL,DONE,RIGHT,ORDER_BY) values ('89181859','프로젝트2','프로젝트 2에 대한 설명입니다',to_date('20/09/29','RR/MM/DD'),to_date('20/09/29','RR/MM/DD'),to_date('20/09/29','RR/MM/DD'),'resources/projectImg/89181859Screenshot 2020-08-25 at 09.41.17.jpg',100000,1,0,'36');
Insert into HWABO.PROJECT (PROJECT_NUM,NAME,EXPLAIN,STARTDAY,ENDDAY,UPLOADDATE,OPEN,GOAL,DONE,RIGHT,ORDER_BY) values ('96049631','고양이키우기','고양이 잘키우는법',to_date('20/09/29','RR/MM/DD'),to_date('20/09/29','RR/MM/DD'),to_date('20/09/29','RR/MM/DD'),null,100000,1,0,'37');
REM INSERTING into HWABO.PROJECTP
SET DEFINE OFF;
REM INSERTING into HWABO.REPLY
SET DEFINE OFF;
Insert into HWABO.REPLY (REPLYNO,NO,CONTENT,UCODE,UNAME,ENROLLDATE,SECONDENROLL,PARENT,KIND) values ('149','b77','맞아요!!','h22','정회원',to_date('20/09/29','RR/MM/DD'),to_date('20/09/29','RR/MM/DD'),'148','1');
Insert into HWABO.REPLY (REPLYNO,NO,CONTENT,UCODE,UNAME,ENROLLDATE,SECONDENROLL,PARENT,KIND) values ('161','s53','안녕!','h102','백규림',to_date('20/09/29','RR/MM/DD'),to_date('20/09/29','RR/MM/DD'),'161','0');
Insert into HWABO.REPLY (REPLYNO,NO,CONTENT,UCODE,UNAME,ENROLLDATE,SECONDENROLL,PARENT,KIND) values ('162','s53','안녕하세요!!','h22','정회원',to_date('20/09/29','RR/MM/DD'),to_date('20/09/29','RR/MM/DD'),'161','1');
Insert into HWABO.REPLY (REPLYNO,NO,CONTENT,UCODE,UNAME,ENROLLDATE,SECONDENROLL,PARENT,KIND) values ('205','c461','helloooo','h22','정회원',to_date('20/10/02','RR/MM/DD'),null,'205','0');
Insert into HWABO.REPLY (REPLYNO,NO,CONTENT,UCODE,UNAME,ENROLLDATE,SECONDENROLL,PARENT,KIND) values ('181','s55','zz','h102','백규림',to_date('20/09/29','RR/MM/DD'),null,'181','0');
Insert into HWABO.REPLY (REPLYNO,NO,CONTENT,UCODE,UNAME,ENROLLDATE,SECONDENROLL,PARENT,KIND) values ('201','s57','네 ~ 근데 카카오 지도 떳다가 안떳다가 하네요','h130','정재구',to_date('20/10/01','RR/MM/DD'),null,'201','0');
Insert into HWABO.REPLY (REPLYNO,NO,CONTENT,UCODE,UNAME,ENROLLDATE,SECONDENROLL,PARENT,KIND) values ('206','c461','hi','h102','백규림',to_date('20/10/02','RR/MM/DD'),null,'206','0');
Insert into HWABO.REPLY (REPLYNO,NO,CONTENT,UCODE,UNAME,ENROLLDATE,SECONDENROLL,PARENT,KIND) values ('202','s57','지금 현재 안떠요 ㅠ','h130','정재구',to_date('20/10/01','RR/MM/DD'),null,'201','1');
Insert into HWABO.REPLY (REPLYNO,NO,CONTENT,UCODE,UNAME,ENROLLDATE,SECONDENROLL,PARENT,KIND) values ('203','c461','hiii','h22','정회원',to_date('20/10/02','RR/MM/DD'),null,'203','0');
Insert into HWABO.REPLY (REPLYNO,NO,CONTENT,UCODE,UNAME,ENROLLDATE,SECONDENROLL,PARENT,KIND) values ('204','c461','hiiii','h22','정회원',to_date('20/10/02','RR/MM/DD'),null,'204','0');
Insert into HWABO.REPLY (REPLYNO,NO,CONTENT,UCODE,UNAME,ENROLLDATE,SECONDENROLL,PARENT,KIND) values ('207','c461','heyyyy','h102','백규림',to_date('20/10/02','RR/MM/DD'),null,'205','1');
Insert into HWABO.REPLY (REPLYNO,NO,CONTENT,UCODE,UNAME,ENROLLDATE,SECONDENROLL,PARENT,KIND) values ('148','b77','바다 예뻐요','h102','백규림',to_date('20/09/29','RR/MM/DD'),null,'148','0');
Insert into HWABO.REPLY (REPLYNO,NO,CONTENT,UCODE,UNAME,ENROLLDATE,SECONDENROLL,PARENT,KIND) values ('208','c461','thats sooo cool','h102','백규림',to_date('20/10/02','RR/MM/DD'),null,'205','1');
Insert into HWABO.REPLY (REPLYNO,NO,CONTENT,UCODE,UNAME,ENROLLDATE,SECONDENROLL,PARENT,KIND) values ('221','b69','댓글쓰기','h22','정회원',to_date('20/10/11','RR/MM/DD'),null,'221','0');
Insert into HWABO.REPLY (REPLYNO,NO,CONTENT,UCODE,UNAME,ENROLLDATE,SECONDENROLL,PARENT,KIND) values ('241','b79','(수정)확인했습니다','h22','정회원',to_date('20/10/13','RR/MM/DD'),to_date('20/10/13','RR/MM/DD'),'241','0');
Insert into HWABO.REPLY (REPLYNO,NO,CONTENT,UCODE,UNAME,ENROLLDATE,SECONDENROLL,PARENT,KIND) values ('242','c344','여기서이러시면 안돼요... ㅠㅠ','h22','정회원',to_date('20/10/13','RR/MM/DD'),null,'242','0');
REM INSERTING into HWABO.SPOST
SET DEFINE OFF;
Insert into HWABO.SPOST (SNO,STITLE,SUCODE,SWRITER,SSTARTDAY,SENDDAY,SPLACE,SCONTENT,SENROLLDATE,SOPEN,SPNUM) values ('s3','q      qqwe qwe','h127','이창준',to_date('20/09/14','RR/MM/DD'),to_date('20/09/19','RR/MM/DD'),null,'asd&nbsp;asdasd&nbsp;&nbsp;&nbsp;&nbsp;&nbsp;&nbsp;&nbsp;&nbsp;&nbsp;&nbsp;&nbsp;&nbsp;&nbsp;&nbsp;&nbsp;&nbsp;&nbsp;&nbsp;&nbsp;&nbsp;&nbsp;&nbsp;&nbsp;&nbsp;&nbsp;dasd',to_date('20/09/14','RR/MM/DD'),'y','51381715');
Insert into HWABO.SPOST (SNO,STITLE,SUCODE,SWRITER,SSTARTDAY,SENDDAY,SPLACE,SCONTENT,SENROLLDATE,SOPEN,SPNUM) values ('s4','s',null,null,to_date('20/09/18','RR/MM/DD'),to_date('20/09/18','RR/MM/DD'),'서울 강남구 양재천로 163','df',to_date('20/09/18','RR/MM/DD'),'y',null);
Insert into HWABO.SPOST (SNO,STITLE,SUCODE,SWRITER,SSTARTDAY,SENDDAY,SPLACE,SCONTENT,SENROLLDATE,SOPEN,SPNUM) values ('s5','ㅂㅈㄷㅈㅂㄷ',null,null,to_date('20/09/18','RR/MM/DD'),to_date('20/09/18','RR/MM/DD'),'서울 강서구 방화대로 2','ㅂㅈㄷㅈㅂㄷㅈ',to_date('20/09/18','RR/MM/DD'),'n',null);
Insert into HWABO.SPOST (SNO,STITLE,SUCODE,SWRITER,SSTARTDAY,SENDDAY,SPLACE,SCONTENT,SENROLLDATE,SOPEN,SPNUM) values ('s6','asd',null,null,to_date('20/09/18','RR/MM/DD'),to_date('20/09/18','RR/MM/DD'),'서울 강동구 양재대로 1303','asd',to_date('20/09/18','RR/MM/DD'),'n',null);
Insert into HWABO.SPOST (SNO,STITLE,SUCODE,SWRITER,SSTARTDAY,SENDDAY,SPLACE,SCONTENT,SENROLLDATE,SOPEN,SPNUM) values ('s7','adssadasdasd','h22','정회원',to_date('20/09/20','RR/MM/DD'),to_date('20/09/29','RR/MM/DD'),'서울 관악구 낙성대로 2','aa',to_date('20/09/20','RR/MM/DD'),'y',null);
Insert into HWABO.SPOST (SNO,STITLE,SUCODE,SWRITER,SSTARTDAY,SENDDAY,SPLACE,SCONTENT,SENROLLDATE,SOPEN,SPNUM) values ('s8','aaaaaaaaa','h124','한여진',to_date('20/09/21','RR/MM/DD'),to_date('20/09/21','RR/MM/DD'),'서울 강서구 강서로 251','asdsadsd',to_date('20/09/21','RR/MM/DD'),'y',null);
Insert into HWABO.SPOST (SNO,STITLE,SUCODE,SWRITER,SSTARTDAY,SENDDAY,SPLACE,SCONTENT,SENROLLDATE,SOPEN,SPNUM) values ('s9','bbbbbb','h124','한여진',to_date('20/09/21','RR/MM/DD'),to_date('20/09/21','RR/MM/DD'),'인천 서구 로봇랜드로 33','bbbbbbb',to_date('20/09/21','RR/MM/DD'),'y',null);
Insert into HWABO.SPOST (SNO,STITLE,SUCODE,SWRITER,SSTARTDAY,SENDDAY,SPLACE,SCONTENT,SENROLLDATE,SOPEN,SPNUM) values ('s10','aaaaa','h124','한여진',to_date('20/09/21','RR/MM/DD'),to_date('20/09/21','RR/MM/DD'),'서울 관악구 낙성대역길 8','a',to_date('20/09/21','RR/MM/DD'),'y',null);
Insert into HWABO.SPOST (SNO,STITLE,SUCODE,SWRITER,SSTARTDAY,SENDDAY,SPLACE,SCONTENT,SENROLLDATE,SOPEN,SPNUM) values ('s11','ggggg','h124','한여진',to_date('20/09/21','RR/MM/DD'),to_date('20/09/21','RR/MM/DD'),'서울 강남구 양재천로 163','addd',to_date('20/09/21','RR/MM/DD'),'y',null);
Insert into HWABO.SPOST (SNO,STITLE,SUCODE,SWRITER,SSTARTDAY,SENDDAY,SPLACE,SCONTENT,SENROLLDATE,SOPEN,SPNUM) values ('s12','gggggsd','h124','한여진',to_date('20/09/21','RR/MM/DD'),to_date('20/09/21','RR/MM/DD'),'서울 강남구 양재천로 167','adddsdsd',to_date('20/09/21','RR/MM/DD'),'y',null);
Insert into HWABO.SPOST (SNO,STITLE,SUCODE,SWRITER,SSTARTDAY,SENDDAY,SPLACE,SCONTENT,SENROLLDATE,SOPEN,SPNUM) values ('s13','aa','h124','한여진',to_date('20/09/21','RR/MM/DD'),to_date('20/09/21','RR/MM/DD'),'서울 강남구 강남대로92길 13','s',to_date('20/09/21','RR/MM/DD'),'y',null);
Insert into HWABO.SPOST (SNO,STITLE,SUCODE,SWRITER,SSTARTDAY,SENDDAY,SPLACE,SCONTENT,SENROLLDATE,SOPEN,SPNUM) values ('s14','aa','h124','한여진',to_date('20/09/21','RR/MM/DD'),to_date('20/09/21','RR/MM/DD'),'서울 강남구 테헤란로 125','saa',to_date('20/09/21','RR/MM/DD'),'y',null);
Insert into HWABO.SPOST (SNO,STITLE,SUCODE,SWRITER,SSTARTDAY,SENDDAY,SPLACE,SCONTENT,SENROLLDATE,SOPEN,SPNUM) values ('s15','aa','h124','한여진',to_date('20/09/21','RR/MM/DD'),to_date('20/09/21','RR/MM/DD'),'서울 관악구 낙성대로 2','saa',to_date('20/09/21','RR/MM/DD'),'y',null);
Insert into HWABO.SPOST (SNO,STITLE,SUCODE,SWRITER,SSTARTDAY,SENDDAY,SPLACE,SCONTENT,SENROLLDATE,SOPEN,SPNUM) values ('s2','aaaa&nbsp;123','h127','이창준',to_date('20/09/14','RR/MM/DD'),to_date('20/09/14','RR/MM/DD'),'서울 노원구 마들로 45','a a aaa <br>        sd<br>   das <br>sad   as a ',to_date('20/09/14','RR/MM/DD'),'y','51381715');
Insert into HWABO.SPOST (SNO,STITLE,SUCODE,SWRITER,SSTARTDAY,SENDDAY,SPLACE,SCONTENT,SENROLLDATE,SOPEN,SPNUM) values ('s16','a','h124','한여진',to_date('20/09/21','RR/MM/DD'),to_date('20/09/21','RR/MM/DD'),'서울 강남구 양재대로 333','a',to_date('20/09/21','RR/MM/DD'),'y',null);
Insert into HWABO.SPOST (SNO,STITLE,SUCODE,SWRITER,SSTARTDAY,SENDDAY,SPLACE,SCONTENT,SENROLLDATE,SOPEN,SPNUM) values ('s17','asd','h124','한여진',to_date('20/09/21','RR/MM/DD'),to_date('20/09/21','RR/MM/DD'),'서울 강남구 양재천로 167','sad',to_date('20/09/21','RR/MM/DD'),'y','1');
Insert into HWABO.SPOST (SNO,STITLE,SUCODE,SWRITER,SSTARTDAY,SENDDAY,SPLACE,SCONTENT,SENROLLDATE,SOPEN,SPNUM) values ('s18','asd','h124','한여진',to_date('20/09/21','RR/MM/DD'),to_date('20/09/21','RR/MM/DD'),'서울 강남구 양재대로 333','sad',to_date('20/09/21','RR/MM/DD'),'y','1');
Insert into HWABO.SPOST (SNO,STITLE,SUCODE,SWRITER,SSTARTDAY,SENDDAY,SPLACE,SCONTENT,SENROLLDATE,SOPEN,SPNUM) values ('s19','asd','h124','한여진',to_date('20/09/21','RR/MM/DD'),to_date('20/09/21','RR/MM/DD'),null,'sad',to_date('20/09/21','RR/MM/DD'),'y','1');
Insert into HWABO.SPOST (SNO,STITLE,SUCODE,SWRITER,SSTARTDAY,SENDDAY,SPLACE,SCONTENT,SENROLLDATE,SOPEN,SPNUM) values ('s20','메인페이지&nbsp;연결중이다','h130','정재구',to_date('20/09/22','RR/MM/DD'),to_date('20/09/22','RR/MM/DD'),'서울 성북구 동소문로 28-2','종각역검색이&nbsp;안되는지&nbsp;못찾는지',to_date('20/09/22','RR/MM/DD'),'y','51381715');
Insert into HWABO.SPOST (SNO,STITLE,SUCODE,SWRITER,SSTARTDAY,SENDDAY,SPLACE,SCONTENT,SENROLLDATE,SOPEN,SPNUM) values ('s21','가로수길&nbsp;애플&nbsp;스토어는&nbsp;어디에&nbsp;있을까','h130','정재구',to_date('20/09/22','RR/MM/DD'),to_date('20/09/22','RR/MM/DD'),'서울 강남구 가로수길 43','여기있찌요',to_date('20/09/22','RR/MM/DD'),'y','51381715');
Insert into HWABO.SPOST (SNO,STITLE,SUCODE,SWRITER,SSTARTDAY,SENDDAY,SPLACE,SCONTENT,SENROLLDATE,SOPEN,SPNUM) values ('s25','qorrbf','h102','백규림',to_date('20/09/23','RR/MM/DD'),to_date('20/09/23','RR/MM/DD'),null,null,to_date('20/09/23','RR/MM/DD'),'y','1');
Insert into HWABO.SPOST (SNO,STITLE,SUCODE,SWRITER,SSTARTDAY,SENDDAY,SPLACE,SCONTENT,SENROLLDATE,SOPEN,SPNUM) values ('s23','cv','h123','김회원',to_date('20/09/22','RR/MM/DD'),to_date('20/09/29','RR/MM/DD'),'서울 강남구 봉은사로 179','ccclllllllllllllllllllllllll',to_date('20/09/22','RR/MM/DD'),'y','1');
Insert into HWABO.SPOST (SNO,STITLE,SUCODE,SWRITER,SSTARTDAY,SENDDAY,SPLACE,SCONTENT,SENROLLDATE,SOPEN,SPNUM) values ('s24','s','h123','김회원',to_date('20/09/23','RR/MM/DD'),to_date('20/09/23','RR/MM/DD'),'세종특별자치시 라온로 66','f',to_date('20/09/23','RR/MM/DD'),'y','1');
Insert into HWABO.SPOST (SNO,STITLE,SUCODE,SWRITER,SSTARTDAY,SENDDAY,SPLACE,SCONTENT,SENROLLDATE,SOPEN,SPNUM) values ('s27','규림쓰&nbsp;테스트&nbsp;한번만할게요','h102','백규림',to_date('20/09/25','RR/MM/DD'),to_date('20/09/25','RR/MM/DD'),null,null,to_date('20/09/25','RR/MM/DD'),'y','1');
Insert into HWABO.SPOST (SNO,STITLE,SUCODE,SWRITER,SSTARTDAY,SENDDAY,SPLACE,SCONTENT,SENROLLDATE,SOPEN,SPNUM) values ('s58','종강','h130','정재구',to_date('20/10/16','RR/MM/DD'),to_date('20/10/17','RR/MM/DD'),null,'종강',to_date('20/10/10','RR/MM/DD'),'y','1');
Insert into HWABO.SPOST (SNO,STITLE,SUCODE,SWRITER,SSTARTDAY,SENDDAY,SPLACE,SCONTENT,SENROLLDATE,SOPEN,SPNUM) values ('s26','d','h123','김회원',to_date('20/09/25','RR/MM/DD'),to_date('20/09/25','RR/MM/DD'),'인천 연수구 랜드마크로 68','ㄴㅁㅇ',to_date('20/09/25','RR/MM/DD'),'y','1');
Insert into HWABO.SPOST (SNO,STITLE,SUCODE,SWRITER,SSTARTDAY,SENDDAY,SPLACE,SCONTENT,SENROLLDATE,SOPEN,SPNUM) values ('s29','333','h123','김회원',to_date('20/09/25','RR/MM/DD'),to_date('20/10/01','RR/MM/DD'),null,'333dddddd',to_date('20/09/25','RR/MM/DD'),'y','1');
Insert into HWABO.SPOST (SNO,STITLE,SUCODE,SWRITER,SSTARTDAY,SENDDAY,SPLACE,SCONTENT,SENROLLDATE,SOPEN,SPNUM) values ('s54','aaaa','h124','한여진',to_date('20/09/29','RR/MM/DD'),to_date('20/09/29','RR/MM/DD'),'부산 해운대구 APEC로 17',null,to_date('20/09/29','RR/MM/DD'),'y','1');
Insert into HWABO.SPOST (SNO,STITLE,SUCODE,SWRITER,SSTARTDAY,SENDDAY,SPLACE,SCONTENT,SENROLLDATE,SOPEN,SPNUM) values ('s60','종강','h130','정재구',to_date('20/10/16','RR/MM/DD'),to_date('20/10/16','RR/MM/DD'),null,'종강',to_date('20/10/14','RR/MM/DD'),'y','2');
Insert into HWABO.SPOST (SNO,STITLE,SUCODE,SWRITER,SSTARTDAY,SENDDAY,SPLACE,SCONTENT,SENROLLDATE,SOPEN,SPNUM) values ('s42','ㄴ','h123','김회원',to_date('20/09/27','RR/MM/DD'),to_date('20/10/01','RR/MM/DD'),null,null,to_date('20/09/27','RR/MM/DD'),'y','1');
Insert into HWABO.SPOST (SNO,STITLE,SUCODE,SWRITER,SSTARTDAY,SENDDAY,SPLACE,SCONTENT,SENROLLDATE,SOPEN,SPNUM) values ('s59','파란공3','h130','정재구',to_date('20/10/12','RR/MM/DD'),to_date('20/10/22','RR/MM/DD'),'서울 강서구 발산로 24','ㅂ',to_date('20/10/12','RR/MM/DD'),'y','1');
Insert into HWABO.SPOST (SNO,STITLE,SUCODE,SWRITER,SSTARTDAY,SENDDAY,SPLACE,SCONTENT,SENROLLDATE,SOPEN,SPNUM) values ('s34','ㅇㅇ>','h102','백규림',to_date('20/09/26','RR/MM/DD'),to_date('20/09/26','RR/MM/DD'),null,null,to_date('20/09/26','RR/MM/DD'),'y','1');
Insert into HWABO.SPOST (SNO,STITLE,SUCODE,SWRITER,SSTARTDAY,SENDDAY,SPLACE,SCONTENT,SENROLLDATE,SOPEN,SPNUM) values ('s41','된다구 ?','h123','김회원',to_date('20/09/27','RR/MM/DD'),to_date('20/10/09','RR/MM/DD'),'서울 관악구 태흥길 4','ㅇㄴ',to_date('20/09/27','RR/MM/DD'),'y','1');
Insert into HWABO.SPOST (SNO,STITLE,SUCODE,SWRITER,SSTARTDAY,SENDDAY,SPLACE,SCONTENT,SENROLLDATE,SOPEN,SPNUM) values ('s43','ㅇ','h123','김회원',to_date('20/09/27','RR/MM/DD'),to_date('20/09/14','RR/MM/DD'),null,null,to_date('20/09/27','RR/MM/DD'),'y','1');
Insert into HWABO.SPOST (SNO,STITLE,SUCODE,SWRITER,SSTARTDAY,SENDDAY,SPLACE,SCONTENT,SENROLLDATE,SOPEN,SPNUM) values ('s47','asd','h126','영은수',to_date('20/09/28','RR/MM/DD'),to_date('20/09/28','RR/MM/DD'),'서울 관악구 낙성대로 2',null,to_date('20/09/28','RR/MM/DD'),'y','1');
Insert into HWABO.SPOST (SNO,STITLE,SUCODE,SWRITER,SSTARTDAY,SENDDAY,SPLACE,SCONTENT,SENROLLDATE,SOPEN,SPNUM) values ('s37','수정','h102','백규림',to_date('20/09/26','RR/MM/DD'),to_date('20/09/26','RR/MM/DD'),null,null,to_date('20/09/26','RR/MM/DD'),'y','1');
Insert into HWABO.SPOST (SNO,STITLE,SUCODE,SWRITER,SSTARTDAY,SENDDAY,SPLACE,SCONTENT,SENROLLDATE,SOPEN,SPNUM) values ('s45','ㄹ','h126','영은수',to_date('20/09/28','RR/MM/DD'),to_date('20/09/28','RR/MM/DD'),null,null,to_date('20/09/28','RR/MM/DD'),'y','1');
Insert into HWABO.SPOST (SNO,STITLE,SUCODE,SWRITER,SSTARTDAY,SENDDAY,SPLACE,SCONTENT,SENROLLDATE,SOPEN,SPNUM) values ('s46','ㅇㄹ','h123','김회원',to_date('20/09/28','RR/MM/DD'),to_date('20/09/28','RR/MM/DD'),'서울 강동구 고덕로 19-10',null,to_date('20/09/28','RR/MM/DD'),'y','1');
Insert into HWABO.SPOST (SNO,STITLE,SUCODE,SWRITER,SSTARTDAY,SENDDAY,SPLACE,SCONTENT,SENROLLDATE,SOPEN,SPNUM) values ('s66','개천절','h130','정재구',to_date('20/10/03','RR/MM/DD'),to_date('20/10/03','RR/MM/DD'),null,'개천절',to_date('20/10/14','RR/MM/DD'),'y','2');
Insert into HWABO.SPOST (SNO,STITLE,SUCODE,SWRITER,SSTARTDAY,SENDDAY,SPLACE,SCONTENT,SENROLLDATE,SOPEN,SPNUM) values ('s52','일정글입니다 사랑','h124','한여진',to_date('20/09/29','RR/MM/DD'),to_date('20/09/29','RR/MM/DD'),'서울 강동구 암사길 2',null,to_date('20/09/29','RR/MM/DD'),'y','1');
Insert into HWABO.SPOST (SNO,STITLE,SUCODE,SWRITER,SSTARTDAY,SENDDAY,SPLACE,SCONTENT,SENROLLDATE,SOPEN,SPNUM) values ('s55','aa','h124','한여진',to_date('20/09/29','RR/MM/DD'),to_date('20/10/02','RR/MM/DD'),'서울 강동구 아리수로 46','aaaaaa',to_date('20/09/29','RR/MM/DD'),'y','1');
Insert into HWABO.SPOST (SNO,STITLE,SUCODE,SWRITER,SSTARTDAY,SENDDAY,SPLACE,SCONTENT,SENROLLDATE,SOPEN,SPNUM) values ('s51','assssdaㄴㅇㄹㄴㅇㄹㄹㄴㅇ','h123','김회원',to_date('20/09/28','RR/MM/DD'),to_date('20/09/28','RR/MM/DD'),null,null,to_date('20/09/28','RR/MM/DD'),'y','1');
Insert into HWABO.SPOST (SNO,STITLE,SUCODE,SWRITER,SSTARTDAY,SENDDAY,SPLACE,SCONTENT,SENROLLDATE,SOPEN,SPNUM) values ('s53','마감일 지키기','h130','정재구',to_date('20/09/17','RR/MM/DD'),to_date('20/09/19','RR/MM/DD'),null,'마감일 지키기',to_date('20/09/29','RR/MM/DD'),'y','1');
Insert into HWABO.SPOST (SNO,STITLE,SUCODE,SWRITER,SSTARTDAY,SENDDAY,SPLACE,SCONTENT,SENROLLDATE,SOPEN,SPNUM) values ('s56','일정&nbsp;공유합니다','h124','한여진',to_date('20/10/01','RR/MM/DD'),to_date('20/10/10','RR/MM/DD'),'서울 중구 을지로 지하 42','즐거운&nbsp;추석되세요&nbsp;~',to_date('20/10/01','RR/MM/DD'),'y','1');
Insert into HWABO.SPOST (SNO,STITLE,SUCODE,SWRITER,SSTARTDAY,SENDDAY,SPLACE,SCONTENT,SENROLLDATE,SOPEN,SPNUM) values ('s57','일정게시글입니다','h124','한여진',to_date('20/10/02','RR/MM/DD'),to_date('20/10/15','RR/MM/DD'),'서울 중구 을지로 지하 42','모두들&nbsp;즐거운&nbsp;명절되시길&nbsp;바랍니다',to_date('20/10/01','RR/MM/DD'),'y','1');
Insert into HWABO.SPOST (SNO,STITLE,SUCODE,SWRITER,SSTARTDAY,SENDDAY,SPLACE,SCONTENT,SENROLLDATE,SOPEN,SPNUM) values ('s61','산업기사 시험 연기','h130','정재구',to_date('20/10/19','RR/MM/DD'),to_date('20/10/19','RR/MM/DD'),null,'산업기사 시험 연기',to_date('20/10/14','RR/MM/DD'),'y','2');
Insert into HWABO.SPOST (SNO,STITLE,SUCODE,SWRITER,SSTARTDAY,SENDDAY,SPLACE,SCONTENT,SENROLLDATE,SOPEN,SPNUM) values ('s62','한글날 연휴','h130','정재구',to_date('20/10/09','RR/MM/DD'),to_date('20/10/11','RR/MM/DD'),null,'한글날 연휴',to_date('20/10/14','RR/MM/DD'),'y','2');
Insert into HWABO.SPOST (SNO,STITLE,SUCODE,SWRITER,SSTARTDAY,SENDDAY,SPLACE,SCONTENT,SENROLLDATE,SOPEN,SPNUM) values ('s63','추석연휴','h130','정재구',to_date('20/09/30','RR/MM/DD'),to_date('20/10/04','RR/MM/DD'),null,'추석연휴',to_date('20/10/14','RR/MM/DD'),'y','2');
Insert into HWABO.SPOST (SNO,STITLE,SUCODE,SWRITER,SSTARTDAY,SENDDAY,SPLACE,SCONTENT,SENROLLDATE,SOPEN,SPNUM) values ('s64','국군의 날','h130','정재구',to_date('20/10/01','RR/MM/DD'),to_date('20/10/01','RR/MM/DD'),null,'국군의 날',to_date('20/10/14','RR/MM/DD'),'y','2');
Insert into HWABO.SPOST (SNO,STITLE,SUCODE,SWRITER,SSTARTDAY,SENDDAY,SPLACE,SCONTENT,SENROLLDATE,SOPEN,SPNUM) values ('s65','노인의 날','h130','정재구',to_date('20/10/02','RR/MM/DD'),to_date('20/10/02','RR/MM/DD'),null,'노인의 날',to_date('20/10/14','RR/MM/DD'),'y','2');
Insert into HWABO.SPOST (SNO,STITLE,SUCODE,SWRITER,SSTARTDAY,SENDDAY,SPLACE,SCONTENT,SENROLLDATE,SOPEN,SPNUM) values ('s67','세계 한인의 날','h130','정재구',to_date('20/10/05','RR/MM/DD'),to_date('20/10/05','RR/MM/DD'),null,'세계 한인의 날',to_date('20/10/14','RR/MM/DD'),'y','2');
Insert into HWABO.SPOST (SNO,STITLE,SUCODE,SWRITER,SSTARTDAY,SENDDAY,SPLACE,SCONTENT,SENROLLDATE,SOPEN,SPNUM) values ('s68','한로','h130','정재구',to_date('20/10/08','RR/MM/DD'),to_date('20/10/08','RR/MM/DD'),null,'한로',to_date('20/10/14','RR/MM/DD'),'y','2');
Insert into HWABO.SPOST (SNO,STITLE,SUCODE,SWRITER,SSTARTDAY,SENDDAY,SPLACE,SCONTENT,SENROLLDATE,SOPEN,SPNUM) values ('s69','재향 군인의 날','h130','정재구',to_date('20/10/08','RR/MM/DD'),to_date('20/10/08','RR/MM/DD'),null,'재향 군인의 날',to_date('20/10/14','RR/MM/DD'),'y','2');
Insert into HWABO.SPOST (SNO,STITLE,SUCODE,SWRITER,SSTARTDAY,SENDDAY,SPLACE,SCONTENT,SENROLLDATE,SOPEN,SPNUM) values ('s70','임산부의 날','h130','정재구',to_date('20/10/10','RR/MM/DD'),to_date('20/10/10','RR/MM/DD'),null,'임산부의 날',to_date('20/10/14','RR/MM/DD'),'y','2');
Insert into HWABO.SPOST (SNO,STITLE,SUCODE,SWRITER,SSTARTDAY,SENDDAY,SPLACE,SCONTENT,SENROLLDATE,SOPEN,SPNUM) values ('s71','체육의 날','h130','정재구',to_date('20/10/15','RR/MM/DD'),to_date('20/10/15','RR/MM/DD'),null,'체육의 날',to_date('20/10/14','RR/MM/DD'),'y','2');
Insert into HWABO.SPOST (SNO,STITLE,SUCODE,SWRITER,SSTARTDAY,SENDDAY,SPLACE,SCONTENT,SENROLLDATE,SOPEN,SPNUM) values ('s72','부마민주항쟁','h130','정재구',to_date('20/10/16','RR/MM/DD'),to_date('20/10/16','RR/MM/DD'),null,'부마민주항쟁',to_date('20/10/14','RR/MM/DD'),'y','2');
Insert into HWABO.SPOST (SNO,STITLE,SUCODE,SWRITER,SSTARTDAY,SENDDAY,SPLACE,SCONTENT,SENROLLDATE,SOPEN,SPNUM) values ('s73','문화의 날','h130','정재구',to_date('20/10/17','RR/MM/DD'),to_date('20/10/17','RR/MM/DD'),null,'문화의 날',to_date('20/10/14','RR/MM/DD'),'y','2');
Insert into HWABO.SPOST (SNO,STITLE,SUCODE,SWRITER,SSTARTDAY,SENDDAY,SPLACE,SCONTENT,SENROLLDATE,SOPEN,SPNUM) values ('s74','상강','h130','정재구',to_date('20/10/23','RR/MM/DD'),to_date('20/10/23','RR/MM/DD'),null,'상강',to_date('20/10/14','RR/MM/DD'),'y','2');
Insert into HWABO.SPOST (SNO,STITLE,SUCODE,SWRITER,SSTARTDAY,SENDDAY,SPLACE,SCONTENT,SENROLLDATE,SOPEN,SPNUM) values ('s75','경찰의 날','h130','정재구',to_date('20/10/21','RR/MM/DD'),to_date('20/10/21','RR/MM/DD'),null,'경찰의 날',to_date('20/10/14','RR/MM/DD'),'y','2');
Insert into HWABO.SPOST (SNO,STITLE,SUCODE,SWRITER,SSTARTDAY,SENDDAY,SPLACE,SCONTENT,SENROLLDATE,SOPEN,SPNUM) values ('s76','국제연합일','h130','정재구',to_date('20/10/24','RR/MM/DD'),to_date('20/10/24','RR/MM/DD'),null,'국제연합일',to_date('20/10/14','RR/MM/DD'),'y','2');
Insert into HWABO.SPOST (SNO,STITLE,SUCODE,SWRITER,SSTARTDAY,SENDDAY,SPLACE,SCONTENT,SENROLLDATE,SOPEN,SPNUM) values ('s77','독도의날','h130','정재구',to_date('20/10/25','RR/MM/DD'),to_date('20/10/25','RR/MM/DD'),null,'독도의날',to_date('20/10/14','RR/MM/DD'),'y','2');
Insert into HWABO.SPOST (SNO,STITLE,SUCODE,SWRITER,SSTARTDAY,SENDDAY,SPLACE,SCONTENT,SENROLLDATE,SOPEN,SPNUM) values ('s78','중양절','h130','정재구',to_date('20/10/25','RR/MM/DD'),to_date('20/10/25','RR/MM/DD'),null,'중양절',to_date('20/10/14','RR/MM/DD'),'y','2');
Insert into HWABO.SPOST (SNO,STITLE,SUCODE,SWRITER,SSTARTDAY,SENDDAY,SPLACE,SCONTENT,SENROLLDATE,SOPEN,SPNUM) values ('s79','금융의 날','h130','정재구',to_date('20/10/27','RR/MM/DD'),to_date('20/10/27','RR/MM/DD'),null,'금융의 날',to_date('20/10/14','RR/MM/DD'),'y','2');
Insert into HWABO.SPOST (SNO,STITLE,SUCODE,SWRITER,SSTARTDAY,SENDDAY,SPLACE,SCONTENT,SENROLLDATE,SOPEN,SPNUM) values ('s80','교정의 날','h130','정재구',to_date('20/10/28','RR/MM/DD'),to_date('20/10/28','RR/MM/DD'),null,'교정의 날',to_date('20/10/14','RR/MM/DD'),'y','2');
Insert into HWABO.SPOST (SNO,STITLE,SUCODE,SWRITER,SSTARTDAY,SENDDAY,SPLACE,SCONTENT,SENROLLDATE,SOPEN,SPNUM) values ('s81','지방자치의 날','h130','정재구',to_date('20/10/29','RR/MM/DD'),to_date('20/10/29','RR/MM/DD'),null,'지방자치의 날',to_date('20/10/14','RR/MM/DD'),'y','2');
Insert into HWABO.SPOST (SNO,STITLE,SUCODE,SWRITER,SSTARTDAY,SENDDAY,SPLACE,SCONTENT,SENROLLDATE,SOPEN,SPNUM) values ('s82','애플리케이션 배포','h130','정재구',to_date('20/10/12','RR/MM/DD'),to_date('20/10/12','RR/MM/DD'),null,'애플리케이션 배포',to_date('20/10/14','RR/MM/DD'),'y','2');
Insert into HWABO.SPOST (SNO,STITLE,SUCODE,SWRITER,SSTARTDAY,SENDDAY,SPLACE,SCONTENT,SENROLLDATE,SOPEN,SPNUM) values ('s83','문제해결능력 테스트','h130','정재구',to_date('20/10/14','RR/MM/DD'),to_date('20/10/14','RR/MM/DD'),null,'문제해결능력 테스트',to_date('20/10/14','RR/MM/DD'),'y','2');
Insert into HWABO.SPOST (SNO,STITLE,SUCODE,SWRITER,SSTARTDAY,SENDDAY,SPLACE,SCONTENT,SENROLLDATE,SOPEN,SPNUM) values ('s84','정보능력 테스트','h130','정재구',to_date('20/10/15','RR/MM/DD'),to_date('20/10/15','RR/MM/DD'),null,'정보능력 테스트',to_date('20/10/14','RR/MM/DD'),'y','2');
Insert into HWABO.SPOST (SNO,STITLE,SUCODE,SWRITER,SSTARTDAY,SENDDAY,SPLACE,SCONTENT,SENROLLDATE,SOPEN,SPNUM) values ('s85','A','h130','정재구',to_date('20/10/14','RR/MM/DD'),to_date('20/10/14','RR/MM/DD'),null,'A',to_date('20/10/14','RR/MM/DD'),'y','2');
Insert into HWABO.SPOST (SNO,STITLE,SUCODE,SWRITER,SSTARTDAY,SENDDAY,SPLACE,SCONTENT,SENROLLDATE,SOPEN,SPNUM) values ('s86','P','h130','정재구',to_date('20/10/14','RR/MM/DD'),to_date('20/10/14','RR/MM/DD'),null,'P',to_date('20/10/14','RR/MM/DD'),'y','2');
Insert into HWABO.SPOST (SNO,STITLE,SUCODE,SWRITER,SSTARTDAY,SENDDAY,SPLACE,SCONTENT,SENROLLDATE,SOPEN,SPNUM) values ('s87','P','h130','정재구',to_date('20/10/14','RR/MM/DD'),to_date('20/10/14','RR/MM/DD'),null,'P',to_date('20/10/14','RR/MM/DD'),'y','2');
Insert into HWABO.SPOST (SNO,STITLE,SUCODE,SWRITER,SSTARTDAY,SENDDAY,SPLACE,SCONTENT,SENROLLDATE,SOPEN,SPNUM) values ('s88','L','h130','정재구',to_date('20/10/14','RR/MM/DD'),to_date('20/10/14','RR/MM/DD'),null,'L',to_date('20/10/14','RR/MM/DD'),'y','2');
Insert into HWABO.SPOST (SNO,STITLE,SUCODE,SWRITER,SSTARTDAY,SENDDAY,SPLACE,SCONTENT,SENROLLDATE,SOPEN,SPNUM) values ('s89','E','h130','정재구',to_date('20/10/14','RR/MM/DD'),to_date('20/10/14','RR/MM/DD'),null,'E',to_date('20/10/14','RR/MM/DD'),'y','2');
Insert into HWABO.SPOST (SNO,STITLE,SUCODE,SWRITER,SSTARTDAY,SENDDAY,SPLACE,SCONTENT,SENROLLDATE,SOPEN,SPNUM) values ('s90','ㅁㅁ','h130','정재구',to_date('20/10/19','RR/MM/DD'),to_date('20/10/19','RR/MM/DD'),'서울 서대문구 명물길 2','ㅇㄴ',to_date('20/10/19','RR/MM/DD'),'y','20600687');
REM INSERTING into HWABO.STAR
SET DEFINE OFF;
Insert into HWABO.STAR (UCODE,STAR) values ('h22','51381715');
Insert into HWABO.STAR (UCODE,STAR) values ('Guest','4');
Insert into HWABO.STAR (UCODE,STAR) values ('Guest','5');
Insert into HWABO.STAR (UCODE,STAR) values ('Guest','3');
Insert into HWABO.STAR (UCODE,STAR) values ('h130','2');
Insert into HWABO.STAR (UCODE,STAR) values ('h130','51381715');
Insert into HWABO.STAR (UCODE,STAR) values ('h102','51381715');
Insert into HWABO.STAR (UCODE,STAR) values ('h102','92061552');
Insert into HWABO.STAR (UCODE,STAR) values ('h123','1');
REM INSERTING into HWABO.VPOST
SET DEFINE OFF;
Insert into HWABO.VPOST (VNO,VTITLE,VUCODE,VWRITER,VALARM,VCONTENT,VENROLLDATE,VOTECHECK,VOTENUMBER) values ('v1','테스트제목',null,'테스트작성자','n','테스트내용',to_date('20/09/14','RR/MM/DD'),'y',0);
Insert into HWABO.VPOST (VNO,VTITLE,VUCODE,VWRITER,VALARM,VCONTENT,VENROLLDATE,VOTECHECK,VOTENUMBER) values ('v2','123123','h22','김회원','n','										123123',to_date('20/09/14','RR/MM/DD'),'n',0);
Insert into HWABO.VPOST (VNO,VTITLE,VUCODE,VWRITER,VALARM,VCONTENT,VENROLLDATE,VOTECHECK,VOTENUMBER) values ('v3','123123','h22','김회원','n','									123123	',to_date('20/09/14','RR/MM/DD'),'n',0);
Insert into HWABO.VPOST (VNO,VTITLE,VUCODE,VWRITER,VALARM,VCONTENT,VENROLLDATE,VOTECHECK,VOTENUMBER) values ('v4','sdsd','h22','김회원','n','									sadasd	',to_date('20/09/15','RR/MM/DD'),'n',0);
Insert into HWABO.VPOST (VNO,VTITLE,VUCODE,VWRITER,VALARM,VCONTENT,VENROLLDATE,VOTECHECK,VOTENUMBER) values ('v5','보내기 ~','h22','김회원','n','1111222										',to_date('20/10/06','RR/MM/DD'),'n',0);
--------------------------------------------------------
--  DDL for Index PK_UCODE_PNUM
--------------------------------------------------------

  CREATE UNIQUE INDEX "HWABO"."PK_UCODE_PNUM" ON "HWABO"."PJMEMBER" ("PNUM", "UCODE") 
  PCTFREE 10 INITRANS 2 MAXTRANS 255 COMPUTE STATISTICS 
  STORAGE(INITIAL 65536 NEXT 1048576 MINEXTENTS 1 MAXEXTENTS 2147483645
  PCTINCREASE 0 FREELISTS 1 FREELIST GROUPS 1 BUFFER_POOL DEFAULT FLASH_CACHE DEFAULT CELL_FLASH_CACHE DEFAULT)
  TABLESPACE "SYSTEM" ;
--------------------------------------------------------
--  DDL for Index REPLY_PK
--------------------------------------------------------

  CREATE UNIQUE INDEX "HWABO"."REPLY_PK" ON "HWABO"."POSTREPLY" ("REPLYNO") 
  PCTFREE 10 INITRANS 2 MAXTRANS 255 COMPUTE STATISTICS 
  STORAGE(INITIAL 65536 NEXT 1048576 MINEXTENTS 1 MAXEXTENTS 2147483645
  PCTINCREASE 0 FREELISTS 1 FREELIST GROUPS 1 BUFFER_POOL DEFAULT FLASH_CACHE DEFAULT CELL_FLASH_CACHE DEFAULT)
  TABLESPACE "SYSTEM" ;
--------------------------------------------------------
--  DDL for Index LOVE_PK
--------------------------------------------------------

  CREATE UNIQUE INDEX "HWABO"."LOVE_PK" ON "HWABO"."LOVE" ("NO", "UCODE") 
  PCTFREE 10 INITRANS 2 MAXTRANS 255 COMPUTE STATISTICS 
  STORAGE(INITIAL 65536 NEXT 1048576 MINEXTENTS 1 MAXEXTENTS 2147483645
  PCTINCREASE 0 FREELISTS 1 FREELIST GROUPS 1 BUFFER_POOL DEFAULT FLASH_CACHE DEFAULT CELL_FLASH_CACHE DEFAULT)
  TABLESPACE "SYSTEM" ;
--------------------------------------------------------
--  DDL for Index VNO_PK
--------------------------------------------------------

  CREATE UNIQUE INDEX "HWABO"."VNO_PK" ON "HWABO"."VPOST" ("VNO") 
  PCTFREE 10 INITRANS 2 MAXTRANS 255 COMPUTE STATISTICS 
  STORAGE(INITIAL 65536 NEXT 1048576 MINEXTENTS 1 MAXEXTENTS 2147483645
  PCTINCREASE 0 FREELISTS 1 FREELIST GROUPS 1 BUFFER_POOL DEFAULT FLASH_CACHE DEFAULT CELL_FLASH_CACHE DEFAULT)
  TABLESPACE "SYSTEM" ;
--------------------------------------------------------
--  DDL for Index SPOST_PK
--------------------------------------------------------

  CREATE UNIQUE INDEX "HWABO"."SPOST_PK" ON "HWABO"."SPOST" ("SNO") 
  PCTFREE 10 INITRANS 2 MAXTRANS 255 COMPUTE STATISTICS 
  STORAGE(INITIAL 65536 NEXT 1048576 MINEXTENTS 1 MAXEXTENTS 2147483645
  PCTINCREASE 0 FREELISTS 1 FREELIST GROUPS 1 BUFFER_POOL DEFAULT FLASH_CACHE DEFAULT CELL_FLASH_CACHE DEFAULT)
  TABLESPACE "SYSTEM" ;
--------------------------------------------------------
--  DDL for Index HSIGN
--------------------------------------------------------

  CREATE UNIQUE INDEX "HWABO"."HSIGN" ON "HWABO"."MEMBER" ("UEMAIL", "SIGNTYPE") 
  PCTFREE 10 INITRANS 2 MAXTRANS 255 COMPUTE STATISTICS 
  STORAGE(INITIAL 65536 NEXT 1048576 MINEXTENTS 1 MAXEXTENTS 2147483645
  PCTINCREASE 0 FREELISTS 1 FREELIST GROUPS 1 BUFFER_POOL DEFAULT FLASH_CACHE DEFAULT CELL_FLASH_CACHE DEFAULT)
  TABLESPACE "SYSTEM" ;
--------------------------------------------------------
--  Constraints for Table SPOST
--------------------------------------------------------

  ALTER TABLE "HWABO"."SPOST" ADD CONSTRAINT "SPOST_PK" PRIMARY KEY ("SNO")
  USING INDEX PCTFREE 10 INITRANS 2 MAXTRANS 255 COMPUTE STATISTICS 
  STORAGE(INITIAL 65536 NEXT 1048576 MINEXTENTS 1 MAXEXTENTS 2147483645
  PCTINCREASE 0 FREELISTS 1 FREELIST GROUPS 1 BUFFER_POOL DEFAULT FLASH_CACHE DEFAULT CELL_FLASH_CACHE DEFAULT)
  TABLESPACE "SYSTEM"  ENABLE;
  ALTER TABLE "HWABO"."SPOST" ADD CONSTRAINT "SOPEN_CHK" CHECK (sopen in('y', 'n')) ENABLE;
  ALTER TABLE "HWABO"."SPOST" MODIFY ("SENDDAY" NOT NULL ENABLE);
  ALTER TABLE "HWABO"."SPOST" MODIFY ("SSTARTDAY" NOT NULL ENABLE);
  ALTER TABLE "HWABO"."SPOST" MODIFY ("STITLE" NOT NULL ENABLE);
--------------------------------------------------------
--  Constraints for Table HASHTAG
--------------------------------------------------------

  ALTER TABLE "HWABO"."HASHTAG" ADD PRIMARY KEY ("TAGID")
  USING INDEX PCTFREE 10 INITRANS 2 MAXTRANS 255 COMPUTE STATISTICS 
  STORAGE(INITIAL 65536 NEXT 1048576 MINEXTENTS 1 MAXEXTENTS 2147483645
  PCTINCREASE 0 FREELISTS 1 FREELIST GROUPS 1 BUFFER_POOL DEFAULT FLASH_CACHE DEFAULT CELL_FLASH_CACHE DEFAULT)
  TABLESPACE "SYSTEM"  ENABLE;
  ALTER TABLE "HWABO"."HASHTAG" MODIFY ("TAGNAME" NOT NULL ENABLE);
--------------------------------------------------------
--  Constraints for Table PMANAGE
--------------------------------------------------------

  ALTER TABLE "HWABO"."PMANAGE" ADD PRIMARY KEY ("URLNAME")
  USING INDEX PCTFREE 10 INITRANS 2 MAXTRANS 255 COMPUTE STATISTICS 
  STORAGE(INITIAL 65536 NEXT 1048576 MINEXTENTS 1 MAXEXTENTS 2147483645
  PCTINCREASE 0 FREELISTS 1 FREELIST GROUPS 1 BUFFER_POOL DEFAULT FLASH_CACHE DEFAULT CELL_FLASH_CACHE DEFAULT)
  TABLESPACE "SYSTEM"  ENABLE;
  ALTER TABLE "HWABO"."PMANAGE" MODIFY ("PNAME" NOT NULL ENABLE);
--------------------------------------------------------
--  Constraints for Table LANGUAGE
--------------------------------------------------------

  ALTER TABLE "HWABO"."LANGUAGE" MODIFY ("ID" NOT NULL ENABLE);
  ALTER TABLE "HWABO"."LANGUAGE" MODIFY ("PAGELANGUAGE" NOT NULL ENABLE);
--------------------------------------------------------
--  Constraints for Table PROJECT
--------------------------------------------------------

  ALTER TABLE "HWABO"."PROJECT" ADD PRIMARY KEY ("PROJECT_NUM")
  USING INDEX PCTFREE 10 INITRANS 2 MAXTRANS 255 COMPUTE STATISTICS 
  STORAGE(INITIAL 65536 NEXT 1048576 MINEXTENTS 1 MAXEXTENTS 2147483645
  PCTINCREASE 0 FREELISTS 1 FREELIST GROUPS 1 BUFFER_POOL DEFAULT FLASH_CACHE DEFAULT CELL_FLASH_CACHE DEFAULT)
  TABLESPACE "SYSTEM"  ENABLE;
  ALTER TABLE "HWABO"."PROJECT" MODIFY ("UPLOADDATE" NOT NULL ENABLE);
  ALTER TABLE "HWABO"."PROJECT" MODIFY ("NAME" NOT NULL ENABLE);
  ALTER TABLE "HWABO"."PROJECT" MODIFY ("PROJECT_NUM" NOT NULL ENABLE);
--------------------------------------------------------
--  Constraints for Table CHAT
--------------------------------------------------------

  ALTER TABLE "HWABO"."CHAT" ADD PRIMARY KEY ("NO")
  USING INDEX PCTFREE 10 INITRANS 2 MAXTRANS 255 COMPUTE STATISTICS 
  STORAGE(INITIAL 65536 NEXT 1048576 MINEXTENTS 1 MAXEXTENTS 2147483645
  PCTINCREASE 0 FREELISTS 1 FREELIST GROUPS 1 BUFFER_POOL DEFAULT FLASH_CACHE DEFAULT CELL_FLASH_CACHE DEFAULT)
  TABLESPACE "SYSTEM"  ENABLE;
  ALTER TABLE "HWABO"."CHAT" MODIFY ("MAKER" NOT NULL ENABLE);
  ALTER TABLE "HWABO"."CHAT" MODIFY ("PARTICIPANT" NOT NULL ENABLE);
--------------------------------------------------------
--  Constraints for Table POSTREPLY
--------------------------------------------------------

  ALTER TABLE "HWABO"."POSTREPLY" ADD CONSTRAINT "REPLY_PK" PRIMARY KEY ("REPLYNO")
  USING INDEX PCTFREE 10 INITRANS 2 MAXTRANS 255 COMPUTE STATISTICS 
  STORAGE(INITIAL 65536 NEXT 1048576 MINEXTENTS 1 MAXEXTENTS 2147483645
  PCTINCREASE 0 FREELISTS 1 FREELIST GROUPS 1 BUFFER_POOL DEFAULT FLASH_CACHE DEFAULT CELL_FLASH_CACHE DEFAULT)
  TABLESPACE "SYSTEM"  ENABLE;
--------------------------------------------------------
--  Constraints for Table VPOST
--------------------------------------------------------

  ALTER TABLE "HWABO"."VPOST" ADD CONSTRAINT "VNO_PK" PRIMARY KEY ("VNO")
  USING INDEX PCTFREE 10 INITRANS 2 MAXTRANS 255 COMPUTE STATISTICS 
  STORAGE(INITIAL 65536 NEXT 1048576 MINEXTENTS 1 MAXEXTENTS 2147483645
  PCTINCREASE 0 FREELISTS 1 FREELIST GROUPS 1 BUFFER_POOL DEFAULT FLASH_CACHE DEFAULT CELL_FLASH_CACHE DEFAULT)
  TABLESPACE "SYSTEM"  ENABLE;
  ALTER TABLE "HWABO"."VPOST" MODIFY ("VOTECHECK" NOT NULL ENABLE);
  ALTER TABLE "HWABO"."VPOST" MODIFY ("VALARM" NOT NULL ENABLE);
  ALTER TABLE "HWABO"."VPOST" MODIFY ("VWRITER" NOT NULL ENABLE);
  ALTER TABLE "HWABO"."VPOST" MODIFY ("VTITLE" NOT NULL ENABLE);
--------------------------------------------------------
--  Constraints for Table PROGRESS
--------------------------------------------------------

  ALTER TABLE "HWABO"."PROGRESS" MODIFY ("TITLE" NOT NULL ENABLE);
  ALTER TABLE "HWABO"."PROGRESS" MODIFY ("NAME" NOT NULL ENABLE);
  ALTER TABLE "HWABO"."PROGRESS" MODIFY ("PROJECT_NUM" NOT NULL ENABLE);
  ALTER TABLE "HWABO"."PROGRESS" MODIFY ("UCODE" NOT NULL ENABLE);
--------------------------------------------------------
--  Constraints for Table PROJECTP
--------------------------------------------------------

  ALTER TABLE "HWABO"."PROJECTP" ADD PRIMARY KEY ("PARTICIPANTSNAME")
  USING INDEX PCTFREE 10 INITRANS 2 MAXTRANS 255 COMPUTE STATISTICS 
  STORAGE(INITIAL 65536 NEXT 1048576 MINEXTENTS 1 MAXEXTENTS 2147483645
  PCTINCREASE 0 FREELISTS 1 FREELIST GROUPS 1 BUFFER_POOL DEFAULT FLASH_CACHE DEFAULT CELL_FLASH_CACHE DEFAULT)
  TABLESPACE "SYSTEM"  ENABLE;
  ALTER TABLE "HWABO"."PROJECTP" MODIFY ("ADMINWHETHER" NOT NULL ENABLE);
--------------------------------------------------------
--  Constraints for Table FILEBOX
--------------------------------------------------------

  ALTER TABLE "HWABO"."FILEBOX" ADD PRIMARY KEY ("FILERENAME")
  USING INDEX PCTFREE 10 INITRANS 2 MAXTRANS 255 COMPUTE STATISTICS 
  STORAGE(INITIAL 65536 NEXT 1048576 MINEXTENTS 1 MAXEXTENTS 2147483645
  PCTINCREASE 0 FREELISTS 1 FREELIST GROUPS 1 BUFFER_POOL DEFAULT FLASH_CACHE DEFAULT CELL_FLASH_CACHE DEFAULT)
  TABLESPACE "SYSTEM"  ENABLE;
  ALTER TABLE "HWABO"."FILEBOX" MODIFY ("PNUM" NOT NULL ENABLE);
  ALTER TABLE "HWABO"."FILEBOX" MODIFY ("POSTNO" NOT NULL ENABLE);
  ALTER TABLE "HWABO"."FILEBOX" MODIFY ("FWRITER" NOT NULL ENABLE);
  ALTER TABLE "HWABO"."FILEBOX" MODIFY ("KIND" NOT NULL ENABLE);
  ALTER TABLE "HWABO"."FILEBOX" MODIFY ("KB" NOT NULL ENABLE);
  ALTER TABLE "HWABO"."FILEBOX" MODIFY ("FILEORIGINNAME" NOT NULL ENABLE);
--------------------------------------------------------
--  Constraints for Table DOPOST
--------------------------------------------------------

  ALTER TABLE "HWABO"."DOPOST" ADD CONSTRAINT "DOPEN_CHECK" CHECK (DOPEN IN('Y', 'N')) ENABLE;
  ALTER TABLE "HWABO"."DOPOST" ADD PRIMARY KEY ("DNO")
  USING INDEX PCTFREE 10 INITRANS 2 MAXTRANS 255 COMPUTE STATISTICS 
  STORAGE(INITIAL 65536 NEXT 1048576 MINEXTENTS 1 MAXEXTENTS 2147483645
  PCTINCREASE 0 FREELISTS 1 FREELIST GROUPS 1 BUFFER_POOL DEFAULT FLASH_CACHE DEFAULT CELL_FLASH_CACHE DEFAULT)
  TABLESPACE "SYSTEM"  ENABLE;
  ALTER TABLE "HWABO"."DOPOST" MODIFY ("DENROLLDATE" NOT NULL ENABLE);
  ALTER TABLE "HWABO"."DOPOST" MODIFY ("DCONTENT" NOT NULL ENABLE);
  ALTER TABLE "HWABO"."DOPOST" MODIFY ("DWRITER" NOT NULL ENABLE);
  ALTER TABLE "HWABO"."DOPOST" MODIFY ("DUCODE" NOT NULL ENABLE);
  ALTER TABLE "HWABO"."DOPOST" MODIFY ("DTITLE" NOT NULL ENABLE);
--------------------------------------------------------
--  Constraints for Table INVITE
--------------------------------------------------------

  ALTER TABLE "HWABO"."INVITE" ADD PRIMARY KEY ("INVTKEY")
  USING INDEX PCTFREE 10 INITRANS 2 MAXTRANS 255 COMPUTE STATISTICS 
  STORAGE(INITIAL 65536 NEXT 1048576 MINEXTENTS 1 MAXEXTENTS 2147483645
  PCTINCREASE 0 FREELISTS 1 FREELIST GROUPS 1 BUFFER_POOL DEFAULT FLASH_CACHE DEFAULT CELL_FLASH_CACHE DEFAULT)
  TABLESPACE "SYSTEM"  ENABLE;
  ALTER TABLE "HWABO"."INVITE" ADD CHECK (INVTUSE IN ('Y','N')) ENABLE;
  ALTER TABLE "HWABO"."INVITE" MODIFY ("INVTEMAIL" NOT NULL ENABLE);
  ALTER TABLE "HWABO"."INVITE" MODIFY ("PNUM" NOT NULL ENABLE);
--------------------------------------------------------
--  Constraints for Table ADDON
--------------------------------------------------------

  ALTER TABLE "HWABO"."ADDON" MODIFY ("CNO" NOT NULL ENABLE);
--------------------------------------------------------
--  Constraints for Table MEMBER
--------------------------------------------------------

  ALTER TABLE "HWABO"."MEMBER" ADD PRIMARY KEY ("UCODE")
  USING INDEX PCTFREE 10 INITRANS 2 MAXTRANS 255 COMPUTE STATISTICS 
  STORAGE(INITIAL 65536 NEXT 1048576 MINEXTENTS 1 MAXEXTENTS 2147483645
  PCTINCREASE 0 FREELISTS 1 FREELIST GROUPS 1 BUFFER_POOL DEFAULT FLASH_CACHE DEFAULT CELL_FLASH_CACHE DEFAULT)
  TABLESPACE "SYSTEM"  ENABLE;
  ALTER TABLE "HWABO"."MEMBER" ADD CHECK (UACTIVE IN('Y','N')) ENABLE;
  ALTER TABLE "HWABO"."MEMBER" ADD CHECK (SIGNTYPE IN('h', 'g', 'n')) ENABLE;
  ALTER TABLE "HWABO"."MEMBER" ADD CHECK (UCERT IN('Y', 'N')) ENABLE;
  ALTER TABLE "HWABO"."MEMBER" ADD CHECK (UST IN('N','Y','E','R')) ENABLE;
  ALTER TABLE "HWABO"."MEMBER" MODIFY ("UCERT" NOT NULL ENABLE);
  ALTER TABLE "HWABO"."MEMBER" MODIFY ("UEMAIL" NOT NULL ENABLE);
--------------------------------------------------------
--  Constraints for Table STAR
--------------------------------------------------------

  ALTER TABLE "HWABO"."STAR" MODIFY ("UCODE" NOT NULL ENABLE);
--------------------------------------------------------
--  Constraints for Table NOTE
--------------------------------------------------------

  ALTER TABLE "HWABO"."NOTE" ADD PRIMARY KEY ("NOTENO")
  USING INDEX PCTFREE 10 INITRANS 2 MAXTRANS 255 COMPUTE STATISTICS 
  STORAGE(INITIAL 65536 NEXT 1048576 MINEXTENTS 1 MAXEXTENTS 2147483645
  PCTINCREASE 0 FREELISTS 1 FREELIST GROUPS 1 BUFFER_POOL DEFAULT FLASH_CACHE DEFAULT CELL_FLASH_CACHE DEFAULT)
  TABLESPACE "SYSTEM"  ENABLE;
  ALTER TABLE "HWABO"."NOTE" MODIFY ("UCODE" NOT NULL ENABLE);
--------------------------------------------------------
--  Constraints for Table CPROJECT
--------------------------------------------------------

  ALTER TABLE "HWABO"."CPROJECT" ADD PRIMARY KEY ("PROJECTNAME")
  USING INDEX PCTFREE 10 INITRANS 2 MAXTRANS 255 COMPUTE STATISTICS 
  STORAGE(INITIAL 65536 NEXT 1048576 MINEXTENTS 1 MAXEXTENTS 2147483645
  PCTINCREASE 0 FREELISTS 1 FREELIST GROUPS 1 BUFFER_POOL DEFAULT FLASH_CACHE DEFAULT CELL_FLASH_CACHE DEFAULT)
  TABLESPACE "SYSTEM"  ENABLE;
  ALTER TABLE "HWABO"."CPROJECT" MODIFY ("DAUTHORITY" NOT NULL ENABLE);
  ALTER TABLE "HWABO"."CPROJECT" MODIFY ("LAUTHORITY" NOT NULL ENABLE);
  ALTER TABLE "HWABO"."CPROJECT" MODIFY ("WAUTHORITY" NOT NULL ENABLE);
--------------------------------------------------------
--  Constraints for Table REPLY
--------------------------------------------------------

  ALTER TABLE "HWABO"."REPLY" ADD PRIMARY KEY ("REPLYNO")
  USING INDEX PCTFREE 10 INITRANS 2 MAXTRANS 255 COMPUTE STATISTICS 
  STORAGE(INITIAL 65536 NEXT 1048576 MINEXTENTS 1 MAXEXTENTS 2147483645
  PCTINCREASE 0 FREELISTS 1 FREELIST GROUPS 1 BUFFER_POOL DEFAULT FLASH_CACHE DEFAULT CELL_FLASH_CACHE DEFAULT)
  TABLESPACE "SYSTEM"  ENABLE;
  ALTER TABLE "HWABO"."REPLY" MODIFY ("NO" NOT NULL ENABLE);
--------------------------------------------------------
--  Constraints for Table LOVE
--------------------------------------------------------

  ALTER TABLE "HWABO"."LOVE" ADD CONSTRAINT "LOVE_PK" PRIMARY KEY ("NO", "UCODE")
  USING INDEX PCTFREE 10 INITRANS 2 MAXTRANS 255 COMPUTE STATISTICS 
  STORAGE(INITIAL 65536 NEXT 1048576 MINEXTENTS 1 MAXEXTENTS 2147483645
  PCTINCREASE 0 FREELISTS 1 FREELIST GROUPS 1 BUFFER_POOL DEFAULT FLASH_CACHE DEFAULT CELL_FLASH_CACHE DEFAULT)
  TABLESPACE "SYSTEM"  ENABLE;
--------------------------------------------------------
--  Constraints for Table ALARM
--------------------------------------------------------

  ALTER TABLE "HWABO"."ALARM" ADD PRIMARY KEY ("NO")
  USING INDEX PCTFREE 10 INITRANS 2 MAXTRANS 255 COMPUTE STATISTICS 
  STORAGE(INITIAL 65536 NEXT 1048576 MINEXTENTS 1 MAXEXTENTS 2147483645
  PCTINCREASE 0 FREELISTS 1 FREELIST GROUPS 1 BUFFER_POOL DEFAULT FLASH_CACHE DEFAULT CELL_FLASH_CACHE DEFAULT)
  TABLESPACE "SYSTEM"  ENABLE;
  ALTER TABLE "HWABO"."ALARM" MODIFY ("ALARMCHECK" NOT NULL ENABLE);
  ALTER TABLE "HWABO"."ALARM" MODIFY ("ID" NOT NULL ENABLE);
--------------------------------------------------------
--  Constraints for Table PJMEMBER
--------------------------------------------------------

  ALTER TABLE "HWABO"."PJMEMBER" ADD CHECK (pjadmin in ('1','2','3','4')) ENABLE;
  ALTER TABLE "HWABO"."PJMEMBER" ADD CONSTRAINT "PK_UCODE_PNUM" PRIMARY KEY ("PNUM", "UCODE")
  USING INDEX PCTFREE 10 INITRANS 2 MAXTRANS 255 COMPUTE STATISTICS 
  STORAGE(INITIAL 65536 NEXT 1048576 MINEXTENTS 1 MAXEXTENTS 2147483645
  PCTINCREASE 0 FREELISTS 1 FREELIST GROUPS 1 BUFFER_POOL DEFAULT FLASH_CACHE DEFAULT CELL_FLASH_CACHE DEFAULT)
  TABLESPACE "SYSTEM"  ENABLE;
  ALTER TABLE "HWABO"."PJMEMBER" MODIFY ("UCODE" NOT NULL ENABLE);
  ALTER TABLE "HWABO"."PJMEMBER" MODIFY ("PNUM" NOT NULL ENABLE);
--------------------------------------------------------
--  Constraints for Table BPOST
--------------------------------------------------------

  ALTER TABLE "HWABO"."BPOST" ADD PRIMARY KEY ("BNO")
  USING INDEX PCTFREE 10 INITRANS 2 MAXTRANS 255 COMPUTE STATISTICS 
  STORAGE(INITIAL 65536 NEXT 1048576 MINEXTENTS 1 MAXEXTENTS 2147483645
  PCTINCREASE 0 FREELISTS 1 FREELIST GROUPS 1 BUFFER_POOL DEFAULT FLASH_CACHE DEFAULT CELL_FLASH_CACHE DEFAULT)
  TABLESPACE "SYSTEM"  ENABLE;
  ALTER TABLE "HWABO"."BPOST" ADD CHECK (bopen in('y', 'n')) ENABLE;
  ALTER TABLE "HWABO"."BPOST" ADD CHECK (bkind in('요청', '진행', '피드백', '완료', '보류')) ENABLE;
  ALTER TABLE "HWABO"."BPOST" MODIFY ("BKIND" NOT NULL ENABLE);
  ALTER TABLE "HWABO"."BPOST" MODIFY ("BWRITER" NOT NULL ENABLE);
  ALTER TABLE "HWABO"."BPOST" MODIFY ("BUCODE" NOT NULL ENABLE);
  ALTER TABLE "HWABO"."BPOST" MODIFY ("BTITLE" NOT NULL ENABLE);
--------------------------------------------------------
--  Constraints for Table CPOST
--------------------------------------------------------

  ALTER TABLE "HWABO"."CPOST" ADD PRIMARY KEY ("CNO")
  USING INDEX PCTFREE 10 INITRANS 2 MAXTRANS 255 COMPUTE STATISTICS 
  STORAGE(INITIAL 65536 NEXT 1048576 MINEXTENTS 1 MAXEXTENTS 2147483645
  PCTINCREASE 0 FREELISTS 1 FREELIST GROUPS 1 BUFFER_POOL DEFAULT FLASH_CACHE DEFAULT CELL_FLASH_CACHE DEFAULT)
  TABLESPACE "SYSTEM"  ENABLE;
  ALTER TABLE "HWABO"."CPOST" ADD CHECK (COPEN IN ('Y','N')) ENABLE;
  ALTER TABLE "HWABO"."CPOST" MODIFY ("CCONTENT" NOT NULL ENABLE);
  ALTER TABLE "HWABO"."CPOST" MODIFY ("CWRITER" NOT NULL ENABLE);
  ALTER TABLE "HWABO"."CPOST" MODIFY ("CUCODE" NOT NULL ENABLE);
  ALTER TABLE "HWABO"."CPOST" MODIFY ("CTITLE" NOT NULL ENABLE);
  ALTER TABLE "HWABO"."CPOST" MODIFY ("CPNUM" NOT NULL ENABLE);
--------------------------------------------------------
--  Ref Constraints for Table ADDTAG
--------------------------------------------------------

  ALTER TABLE "HWABO"."ADDTAG" ADD CONSTRAINT "FK_TAGID_HASHTAG" FOREIGN KEY ("TAGID")
	  REFERENCES "HWABO"."HASHTAG" ("TAGID") ON DELETE CASCADE ENABLE;
--------------------------------------------------------
--  Ref Constraints for Table BPOST
--------------------------------------------------------

  ALTER TABLE "HWABO"."BPOST" ADD CONSTRAINT "BC_FK" FOREIGN KEY ("BUCODE")
	  REFERENCES "HWABO"."MEMBER" ("UCODE") ENABLE;
  ALTER TABLE "HWABO"."BPOST" ADD CONSTRAINT "BP_FK" FOREIGN KEY ("BPNUM")
	  REFERENCES "HWABO"."PROJECT" ("PROJECT_NUM") ENABLE;
--------------------------------------------------------
--  Ref Constraints for Table CABINET
--------------------------------------------------------

  ALTER TABLE "HWABO"."CABINET" ADD CONSTRAINT "CABINET_FK" FOREIGN KEY ("UCODE")
	  REFERENCES "HWABO"."MEMBER" ("UCODE") ON DELETE CASCADE ENABLE;
--------------------------------------------------------
--  Ref Constraints for Table CHATTING
--------------------------------------------------------

  ALTER TABLE "HWABO"."CHATTING" ADD CONSTRAINT "FK_UCODE_CHAT" FOREIGN KEY ("UCODE")
	  REFERENCES "HWABO"."MEMBER" ("UCODE") ON DELETE CASCADE ENABLE;
--------------------------------------------------------
--  Ref Constraints for Table CPOST
--------------------------------------------------------

  ALTER TABLE "HWABO"."CPOST" ADD CONSTRAINT "FK_PNUM_PROJECT" FOREIGN KEY ("CPNUM")
	  REFERENCES "HWABO"."PROJECT" ("PROJECT_NUM") ON DELETE CASCADE ENABLE;
  ALTER TABLE "HWABO"."CPOST" ADD CONSTRAINT "FK_WRITERCODE_MEMBER" FOREIGN KEY ("CUCODE")
	  REFERENCES "HWABO"."MEMBER" ("UCODE") ON DELETE CASCADE ENABLE;
--------------------------------------------------------
--  Ref Constraints for Table DOPOST
--------------------------------------------------------

  ALTER TABLE "HWABO"."DOPOST" ADD FOREIGN KEY ("DPNUM")
	  REFERENCES "HWABO"."PROJECT" ("PROJECT_NUM") ENABLE;
--------------------------------------------------------
--  Ref Constraints for Table INVITE
--------------------------------------------------------

  ALTER TABLE "HWABO"."INVITE" ADD CONSTRAINT "FK_NUM_PROJECT" FOREIGN KEY ("PNUM")
	  REFERENCES "HWABO"."PROJECT" ("PROJECT_NUM") ON DELETE CASCADE ENABLE;
  ALTER TABLE "HWABO"."INVITE" ADD CONSTRAINT "FK_UCODE_MEMBER" FOREIGN KEY ("UCODE")
	  REFERENCES "HWABO"."MEMBER" ("UCODE") ON DELETE CASCADE ENABLE;
--------------------------------------------------------
--  Ref Constraints for Table LOVE
--------------------------------------------------------

  ALTER TABLE "HWABO"."LOVE" ADD CONSTRAINT "LOVE_FK" FOREIGN KEY ("UCODE")
	  REFERENCES "HWABO"."MEMBER" ("UCODE") ON DELETE CASCADE ENABLE;
--------------------------------------------------------
--  Ref Constraints for Table PJMEMBER
--------------------------------------------------------

  ALTER TABLE "HWABO"."PJMEMBER" ADD CONSTRAINT "FK_PNUM_PJMEMBER" FOREIGN KEY ("PNUM")
	  REFERENCES "HWABO"."PROJECT" ("PROJECT_NUM") ON DELETE CASCADE ENABLE;
  ALTER TABLE "HWABO"."PJMEMBER" ADD CONSTRAINT "FK_UCODE_PJMEMBER" FOREIGN KEY ("UCODE")
	  REFERENCES "HWABO"."MEMBER" ("UCODE") ON DELETE CASCADE ENABLE;
--------------------------------------------------------
--  Ref Constraints for Table POSTREPLY
--------------------------------------------------------

  ALTER TABLE "HWABO"."POSTREPLY" ADD CONSTRAINT "POSTREPLY_FK1" FOREIGN KEY ("UCODE")
	  REFERENCES "HWABO"."MEMBER" ("UCODE") ON DELETE CASCADE ENABLE;
--------------------------------------------------------
--  Ref Constraints for Table PROGRESS
--------------------------------------------------------

  ALTER TABLE "HWABO"."PROGRESS" ADD CONSTRAINT "FK_PROJECT_NUM" FOREIGN KEY ("PROJECT_NUM")
	  REFERENCES "HWABO"."PROJECT" ("PROJECT_NUM") ON DELETE CASCADE ENABLE;
  ALTER TABLE "HWABO"."PROGRESS" ADD CONSTRAINT "UCODE_FK_PROGRESS" FOREIGN KEY ("UCODE")
	  REFERENCES "HWABO"."MEMBER" ("UCODE") ON DELETE CASCADE ENABLE;
--------------------------------------------------------
--  Ref Constraints for Table REPLY
--------------------------------------------------------

  ALTER TABLE "HWABO"."REPLY" ADD CONSTRAINT "REPLY_FK" FOREIGN KEY ("UCODE")
	  REFERENCES "HWABO"."MEMBER" ("UCODE") ENABLE;
--------------------------------------------------------
--  Ref Constraints for Table SPOST
--------------------------------------------------------

  ALTER TABLE "HWABO"."SPOST" ADD CONSTRAINT "SPOST_FK" FOREIGN KEY ("SUCODE")
	  REFERENCES "HWABO"."MEMBER" ("UCODE") ON DELETE CASCADE ENABLE;
  ALTER TABLE "HWABO"."SPOST" ADD CONSTRAINT "SPOST_FK2" FOREIGN KEY ("SPNUM")
	  REFERENCES "HWABO"."PROJECT" ("PROJECT_NUM") ON DELETE CASCADE ENABLE;
--------------------------------------------------------
--  Ref Constraints for Table STAR
--------------------------------------------------------

  ALTER TABLE "HWABO"."STAR" ADD CONSTRAINT "FK_STAR_PROJECT_NUM" FOREIGN KEY ("STAR")
	  REFERENCES "HWABO"."PROJECT" ("PROJECT_NUM") ON DELETE CASCADE ENABLE;
--------------------------------------------------------
--  Ref Constraints for Table VPOST
--------------------------------------------------------

  ALTER TABLE "HWABO"."VPOST" ADD CONSTRAINT "VUCODE_FK_UCODEE" FOREIGN KEY ("VUCODE")
	  REFERENCES "HWABO"."MEMBER" ("UCODE") ON DELETE CASCADE ENABLE;
